codigo_municipio,populacao,ano
110001,22724,2026
110002,109731,2026
110003,5640,2026
110004,98884,2026
110005,16957,2026
110006,16432,2026
110007,7938,2026
110008,13499,2026
110009,32960,2026
110010,43633,2026
110011,55774,2026
110012,140800,2026
110013,34229,2026
110014,16251,2026
110015,38686,2026
110018,39377,2026
110020,520379,2026
110025,20372,2026
110026,3781,2026
110028,63336,2026
110029,7798,2026
110030,110708,2026
110032,22343,2026
110033,28894,2026
110034,13611,2026
110037,12213,2026
110040,17471,2026
110045,30573,2026
110050,7894,2026
110060,4242,2026
110070,8972,2026
110080,24454,2026
110090,3445,2026
110092,10250,2026
110094,15872,2026
110100,8264,2026
110110,9247,2026
110120,6389,2026
110130,9579,2026
110140,12100,2026
110143,6506,2026
110145,4356,2026
110146,2308,2026
110147,3259,2026
110148,5571,2026
110149,17601,2026
110150,12973,2026
110155,4507,2026
110160,8383,2026
110170,11254,2026
110175,8178,2026
110180,6740,2026
120001,14762,2026
120005,8716,2026
120010,28198,2026
120013,14076,2026
120017,11035,2026
120020,99404,2026
120025,19997,2026
120030,37874,2026
120032,9972,2026
120033,20616,2026
120034,13057,2026
120035,18154,2026
120038,17088,2026
120039,11386,2026
120040,390058,2026
120042,15580,2026
120043,7285,2026
120045,22447,2026
120050,44170,2026
120060,47090,2026
120070,19244,2026
120080,17585,2026
130002,16938,2026
130006,11633,2026
130008,9981,2026
130010,18135,2026
130014,21971,2026
130020,15920,2026
130030,46641,2026
130040,17805,2026
130050,34025,2026
130060,41261,2026
130063,22842,2026
130068,27052,2026
130070,39176,2026
130080,34836,2026
130083,14980,2026
130090,18327,2026
130100,31383,2026
130110,32289,2026
130115,20081,2026
130120,73403,2026
130130,24627,2026
130140,36027,2026
130150,18062,2026
130160,28491,2026
130165,14356,2026
130170,64390,2026
130180,25792,2026
130185,70248,2026
130190,115218,2026
130195,12150,2026
130200,11090,2026
130210,9527,2026
130220,11106,2026
130230,28712,2026
130240,50040,2026
130250,113042,2026
130255,15902,2026
130260,2327101,2026
130270,58557,2026
130280,15716,2026
130290,67021,2026
130300,21394,2026
130310,27965,2026
130320,16648,2026
130330,25506,2026
130340,101754,2026
130350,20330,2026
130353,33580,2026
130356,25342,2026
130360,13724,2026
130370,30987,2026
130380,58359,2026
130390,35619,2026
130395,12415,2026
130400,12827,2026
130406,74384,2026
130410,20849,2026
130420,81046,2026
130423,20417,2026
130426,15815,2026
130430,19738,2026
130440,26373,2026
140002,16647,2026
140005,24135,2026
140010,500965,2026
140015,15922,2026
140017,21659,2026
140020,23061,2026
140023,12303,2026
140028,11098,2026
140030,20398,2026
140040,16908,2026
140045,24132,2026
140047,38840,2026
140050,10215,2026
140060,7920,2026
140070,16809,2026
150010,173638,2026
150013,6250,2026
150020,63503,2026
150030,40692,2026
150034,17246,2026
150040,76889,2026
150050,36545,2026
150060,140450,2026
150070,30482,2026
150080,510563,2026
150085,36304,2026
150090,48216,2026
150095,24070,2026
150100,19531,2026
150110,35640,2026
150120,57717,2026
150125,4327,2026
150130,140756,2026
150140,1396157,2026
150145,19191,2026
150150,69703,2026
150157,19294,2026
150160,12925,2026
150170,133268,2026
150172,27635,2026
150175,6947,2026
150178,46792,2026
150180,117028,2026
150190,25019,2026
150195,18881,2026
150200,25683,2026
150210,145843,2026
150215,92311,2026
150220,75791,2026
150230,60663,2026
150240,210592,2026
150250,21514,2026
150260,13720,2026
150270,47187,2026
150275,28253,2026
150276,15354,2026
150277,21088,2026
150280,37164,2026
150285,15069,2026
150290,45330,2026
150293,63306,2026
150295,29154,2026
150300,9208,2026
150304,18625,2026
150307,25565,2026
150309,26361,2026
150310,34344,2026
150320,37992,2026
150330,69918,2026
150340,10813,2026
150345,28403,2026
150350,32780,2026
150360,136990,2026
150370,52213,2026
150375,27130,2026
150380,37086,2026
150390,54546,2026
150400,32387,2026
150405,37881,2026
150410,8450,2026
150420,293344,2026
150430,27054,2026
150440,28210,2026
150442,119859,2026
150445,28718,2026
150450,30305,2026
150460,28982,2026
150470,92688,2026
150475,26305,2026
150480,64350,2026
150490,50314,2026
150495,21346,2026
150497,14383,2026
150500,13147,2026
150503,37570,2026
150506,63836,2026
150510,55774,2026
150520,37078,2026
150530,73301,2026
150540,18886,2026
150543,35585,2026
150548,43882,2026
150549,7041,2026
150550,114128,2026
150553,312427,2026
150555,7410,2026
150560,8720,2026
150563,13390,2026
150565,18258,2026
150570,25707,2026
150580,68236,2026
150590,44552,2026
150600,39132,2026
150610,11424,2026
150611,11807,2026
150613,93414,2026
150616,19250,2026
150618,57452,2026
150619,37042,2026
150620,49140,2026
150630,25925,2026
150635,22764,2026
150640,7599,2026
150650,80039,2026
150655,21370,2026
150658,17051,2026
150660,25930,2026
150670,29273,2026
150680,364298,2026
150690,6362,2026
150700,29330,2026
150710,17267,2026
150715,21475,2026
150720,32655,2026
150730,63393,2026
150740,15439,2026
150745,24882,2026
150746,4432,2026
150747,21505,2026
150750,14338,2026
150760,56135,2026
150770,27853,2026
150775,6261,2026
150780,25517,2026
150790,25409,2026
150795,75062,2026
150796,10858,2026
150797,19912,2026
150800,73762,2026
150803,30612,2026
150805,15484,2026
150808,43270,2026
150810,96004,2026
150812,39153,2026
150815,45984,2026
150820,54309,2026
150830,62398,2026
150835,16686,2026
150840,58508,2026
160005,5019,2026
160010,8447,2026
160015,13971,2026
160020,11527,2026
160021,4722,2026
160023,7220,2026
160025,6147,2026
160027,37781,2026
160030,491987,2026
160040,23958,2026
160050,31071,2026
160053,19103,2026
160055,4053,2026
160060,119224,2026
160070,13846,2026
160080,11877,2026
170025,2695,2026
170030,4469,2026
170035,5172,2026
170040,6428,2026
170070,9161,2026
170100,10736,2026
170105,2889,2026
170110,5152,2026
170130,5302,2026
170190,6006,2026
170200,8213,2026
170210,184495,2026
170215,4263,2026
170220,33364,2026
170230,5425,2026
170240,10500,2026
170255,18341,2026
170270,3415,2026
170290,10799,2026
170300,7498,2026
170305,3575,2026
170307,4691,2026
170310,4866,2026
170320,4298,2026
170330,4221,2026
170360,2009,2026
170370,4752,2026
170380,10737,2026
170382,1973,2026
170384,9028,2026
170386,4184,2026
170388,2237,2026
170389,3326,2026
170390,5047,2026
170410,2088,2026
170460,1585,2026
170510,3169,2026
170550,36451,2026
170555,4916,2026
170560,3929,2026
170600,5563,2026
170610,6349,2026
170625,1491,2026
170650,6130,2026
170700,17905,2026
170710,7388,2026
170720,6311,2026
170730,4289,2026
170740,7281,2026
170755,3487,2026
170765,5331,2026
170770,7746,2026
170820,19517,2026
170825,3804,2026
170830,4824,2026
170900,12884,2026
170930,25975,2026
170950,90818,2026
170980,1625,2026
171050,6950,2026
171070,5116,2026
171090,3692,2026
171110,2464,2026
171150,3389,2026
171180,2311,2026
171190,16934,2026
171195,3616,2026
171200,3595,2026
171215,1679,2026
171240,2912,2026
171245,2819,2026
171250,4812,2026
171270,2955,2026
171280,3171,2026
171320,18576,2026
171330,13090,2026
171360,5614,2026
171370,2541,2026
171380,4806,2026
171395,3517,2026
171420,8950,2026
171430,4684,2026
171488,10592,2026
171500,3362,2026
171510,4134,2026
171515,1794,2026
171525,2241,2026
171550,1228,2026
171570,4900,2026
171575,7090,2026
171610,56223,2026
171620,10899,2026
171630,4030,2026
171650,15051,2026
171660,9332,2026
171665,5032,2026
171670,9152,2026
171700,4602,2026
171720,2195,2026
171750,7440,2026
171780,4266,2026
171790,7905,2026
171800,2967,2026
171820,70507,2026
171830,9640,2026
171840,2983,2026
171845,2215,2026
171850,3438,2026
171855,4020,2026
171865,1832,2026
171870,2858,2026
171875,4642,2026
171880,4422,2026
171884,3927,2026
171886,7575,2026
171888,2707,2026
171889,2306,2026
171890,4809,2026
171900,2925,2026
172000,2459,2026
172010,6070,2026
172015,1919,2026
172020,14286,2026
172025,2329,2026
172030,4176,2026
172049,4561,2026
172065,5267,2026
172080,11554,2026
172085,1583,2026
172090,14153,2026
172093,2099,2026
172097,2501,2026
172100,333154,2026
172110,7851,2026
172120,23246,2026
172125,2045,2026
172130,1875,2026
172208,10718,2026
172210,10591,2026
210005,110703,2026
210010,6309,2026
210015,12474,2026
210020,18675,2026
210030,23772,2026
210040,6534,2026
210043,24515,2026
210047,26241,2026
210050,11401,2026
210055,7395,2026
210060,38337,2026
210070,26275,2026
210080,14115,2026
210083,17693,2026
210087,11253,2026
210090,40190,2026
210095,27782,2026
210100,30585,2026
210110,12101,2026
210120,107874,2026
210125,17498,2026
210130,16957,2026
210135,5376,2026
210140,106332,2026
210150,19524,2026
210160,87830,2026
210170,68439,2026
210173,8782,2026
210177,12132,2026
210180,5601,2026
210190,19955,2026
210193,5994,2026
210197,7792,2026
210200,33850,2026
210203,29620,2026
210207,12333,2026
210210,35382,2026
210215,9343,2026
210220,30925,2026
210230,22937,2026
210232,56590,2026
210235,13098,2026
210237,10057,2026
210240,10331,2026
210250,16652,2026
210255,12522,2026
210260,20464,2026
210270,25131,2026
210275,11696,2026
210280,24630,2026
210290,24950,2026
210300,163650,2026
210310,10448,2026
210312,7209,2026
210315,12715,2026
210317,16432,2026
210320,84564,2026
210325,13131,2026
210330,118272,2026
210340,42774,2026
210350,41826,2026
210355,15291,2026
210360,61324,2026
210370,32598,2026
210375,14863,2026
210380,23607,2026
210390,10439,2026
210400,18743,2026
210405,34293,2026
210407,8239,2026
210408,11250,2026
210409,18164,2026
210410,12974,2026
210420,17348,2026
210430,10425,2026
210440,17580,2026
210450,10480,2026
210455,19010,2026
210460,14269,2026
210462,7213,2026
210465,11004,2026
210467,23493,2026
210470,6160,2026
210480,75281,2026
210490,10412,2026
210500,26552,2026
210510,25332,2026
210515,14411,2026
210520,10460,2026
210530,286383,2026
210535,14142,2026
210540,62260,2026
210542,22863,2026
210545,7577,2026
210547,17555,2026
210550,25331,2026
210560,15221,2026
210565,5287,2026
210570,45857,2026
210580,9676,2026
210590,15062,2026
210592,10804,2026
210594,8963,2026
210596,11749,2026
210598,7236,2026
210600,11560,2026
210610,11891,2026
210620,7379,2026
210630,13873,2026
210632,21768,2026
210635,7142,2026
210637,14097,2026
210640,17618,2026
210650,22549,2026
210660,33350,2026
210663,18087,2026
210667,9079,2026
210670,21552,2026
210675,24371,2026
210680,14298,2026
210690,28526,2026
210700,9304,2026
210710,19033,2026
210720,14621,2026
210725,5152,2026
210730,4405,2026
210735,14302,2026
210740,18281,2026
210745,13932,2026
210750,153903,2026
210760,21702,2026
210770,18564,2026
210780,32212,2026
210790,17590,2026
210800,19284,2026
210805,17625,2026
210810,20803,2026
210820,38239,2026
210825,24989,2026
210830,33463,2026
210840,11187,2026
210845,20896,2026
210850,32560,2026
210860,88241,2026
210870,22378,2026
210880,18143,2026
210890,17351,2026
210900,24618,2026
210905,6092,2026
210910,46631,2026
210920,11616,2026
210923,4690,2026
210927,17936,2026
210930,10791,2026
210940,13918,2026
210945,32246,2026
210950,22776,2026
210955,7605,2026
210960,39759,2026
210970,6238,2026
210975,6828,2026
210980,43278,2026
210990,88320,2026
211000,58667,2026
211003,24907,2026
211010,24501,2026
211020,38625,2026
211023,10744,2026
211027,14294,2026
211030,14632,2026
211040,18825,2026
211050,48280,2026
211060,27930,2026
211065,8255,2026
211070,35269,2026
211080,4487,2026
211085,9184,2026
211090,12367,2026
211100,18871,2026
211102,12305,2026
211105,10078,2026
211107,17252,2026
211110,25926,2026
211120,260695,2026
211125,7087,2026
211130,1090229,2026
211140,18097,2026
211150,40191,2026
211153,14829,2026
211157,6018,2026
211160,19184,2026
211163,5755,2026
211167,4554,2026
211170,19848,2026
211172,8770,2026
211174,10449,2026
211176,15052,2026
211178,10488,2026
211180,17470,2026
211190,10470,2026
211195,5076,2026
211200,9150,2026
211210,27314,2026
211220,183123,2026
211223,23137,2026
211227,5634,2026
211230,37331,2026
211240,39070,2026
211245,33383,2026
211250,55107,2026
211260,34216,2026
211270,44359,2026
211280,53229,2026
211285,10549,2026
211290,31866,2026
211300,31933,2026
211400,41704,2026
220005,6309,2026
220010,5010,2026
220020,18269,2026
220025,6853,2026
220027,4696,2026
220030,13723,2026
220040,50509,2026
220045,5488,2026
220050,17602,2026
220060,7000,2026
220070,9665,2026
220080,3240,2026
220090,5395,2026
220095,2787,2026
220100,4510,2026
220105,7595,2026
220110,11129,2026
220115,14114,2026
220117,4107,2026
220120,49856,2026
220130,3338,2026
220140,6719,2026
220150,27161,2026
220155,4147,2026
220157,3523,2026
220160,10084,2026
220170,5727,2026
220173,6607,2026
220177,7104,2026
220180,4106,2026
220190,30965,2026
220191,5821,2026
220192,6142,2026
220194,6683,2026
220196,8707,2026
220198,3958,2026
220200,20161,2026
220202,7498,2026
220205,10481,2026
220207,3124,2026
220208,8284,2026
220209,5599,2026
220210,4964,2026
220211,4633,2026
220213,6233,2026
220217,7699,2026
220220,47160,2026
220225,3381,2026
220230,19613,2026
220240,11374,2026
220245,4076,2026
220250,10553,2026
220253,5587,2026
220255,5189,2026
220260,19674,2026
220265,5704,2026
220270,29386,2026
220271,5057,2026
220272,6621,2026
220273,4265,2026
220275,6301,2026
220277,7025,2026
220280,5092,2026
220285,4278,2026
220290,28477,2026
220300,7411,2026
220310,10828,2026
220320,11606,2026
220323,4985,2026
220325,4760,2026
220327,5196,2026
220330,17294,2026
220335,7278,2026
220340,6366,2026
220342,4121,2026
220345,9330,2026
220350,13704,2026
220360,4409,2026
220370,42873,2026
220375,5437,2026
220380,4515,2026
220385,2402,2026
220390,64614,2026
220400,4448,2026
220410,4545,2026
220415,2985,2026
220420,8334,2026
220430,10310,2026
220435,5619,2026
220440,11219,2026
220450,10482,2026
220455,4339,2026
220460,3538,2026
220465,9540,2026
220470,15286,2026
220480,9638,2026
220490,7770,2026
220500,10958,2026
220510,10463,2026
220515,5708,2026
220520,17768,2026
220525,4272,2026
220527,4554,2026
220530,4612,2026
220535,3034,2026
220540,14270,2026
220545,5566,2026
220550,44959,2026
220551,5306,2026
220552,5503,2026
220553,4498,2026
220554,3000,2026
220555,8477,2026
220556,5194,2026
220557,6443,2026
220558,5061,2026
220559,4555,2026
220560,5306,2026
220570,32015,2026
220580,26189,2026
220585,8243,2026
220590,5316,2026
220595,8857,2026
220600,4876,2026
220605,5119,2026
220610,10896,2026
220620,33077,2026
220630,1359,2026
220635,6719,2026
220640,10514,2026
220650,7772,2026
220660,10945,2026
220665,4453,2026
220667,6546,2026
220669,10274,2026
220670,6668,2026
220672,11174,2026
220675,5634,2026
220680,8767,2026
220690,6141,2026
220695,2889,2026
220700,39275,2026
220710,2708,2026
220720,6457,2026
220730,4338,2026
220735,3024,2026
220740,5046,2026
220750,13439,2026
220755,3842,2026
220760,10276,2026
220770,171342,2026
220775,4223,2026
220777,5394,2026
220779,3986,2026
220780,21698,2026
220785,3696,2026
220790,38978,2026
220793,2510,2026
220795,4141,2026
220800,87129,2026
220810,11471,2026
220820,17949,2026
220830,29801,2026
220840,68076,2026
220850,12332,2026
220855,2373,2026
220860,3094,2026
220865,8958,2026
220870,8566,2026
220880,17385,2026
220885,4235,2026
220887,4096,2026
220890,6151,2026
220900,5824,2026
220910,6028,2026
220915,3432,2026
220920,6210,2026
220930,5410,2026
220935,4114,2026
220937,4643,2026
220940,5923,2026
220945,2173,2026
220950,3632,2026
220955,4457,2026
220960,2874,2026
220965,5722,2026
220970,5317,2026
220975,3033,2026
220980,4922,2026
220985,4287,2026
220987,5601,2026
220990,6232,2026
220995,4910,2026
220997,8535,2026
221000,22231,2026
221005,5304,2026
221010,3282,2026
221020,6887,2026
221030,6130,2026
221035,4497,2026
221037,2265,2026
221038,2295,2026
221039,2801,2026
221040,17918,2026
221050,14065,2026
221060,41461,2026
221062,3194,2026
221063,4606,2026
221065,9704,2026
221070,14677,2026
221080,14613,2026
221090,4148,2026
221093,6264,2026
221095,3050,2026
221097,2306,2026
221100,908012,2026
221110,48067,2026
221120,27031,2026
221130,23121,2026
221135,5189,2026
221140,4524,2026
221150,3283,2026
221160,2969,2026
221170,4185,2026
230010,10258,2026
230015,14374,2026
230020,69848,2026
230030,45673,2026
230040,14015,2026
230050,11834,2026
230060,6977,2026
230070,14327,2026
230075,44814,2026
230080,7529,2026
230090,13167,2026
230100,85865,2026
230110,79636,2026
230120,26806,2026
230125,11576,2026
230130,20166,2026
230140,11396,2026
230150,7611,2026
230160,22180,2026
230170,24223,2026
230180,5810,2026
230185,17679,2026
230190,82602,2026
230195,23591,2026
230200,19474,2026
230205,15018,2026
230210,37308,2026
230220,56272,2026
230230,34776,2026
230240,52100,2026
230250,54585,2026
230260,65459,2026
230270,26017,2026
230280,77536,2026
230290,17828,2026
230300,16058,2026
230310,18073,2026
230320,27579,2026
230330,17225,2026
230340,17869,2026
230350,77340,2026
230360,8667,2026
230365,10909,2026
230370,380944,2026
230380,22455,2026
230390,12816,2026
230393,12325,2026
230395,20850,2026
230400,21396,2026
230410,80435,2026
230420,139781,2026
230423,18090,2026
230425,32706,2026
230426,9174,2026
230427,6371,2026
230428,83641,2026
230430,18442,2026
230435,25460,2026
230440,2582360,2026
230445,18365,2026
230450,16663,2026
230460,6934,2026
230465,14179,2026
230470,55975,2026
230480,4951,2026
230490,11422,2026
230495,25227,2026
230500,44823,2026
230510,5833,2026
230520,18148,2026
230523,82325,2026
230526,12109,2026
230530,24727,2026
230533,12036,2026
230535,22747,2026
230540,64691,2026
230550,102907,2026
230560,24400,2026
230565,11988,2026
230570,12476,2026
230580,43193,2026
230590,38289,2026
230600,14467,2026
230610,24977,2026
230620,7821,2026
230625,74250,2026
230630,49061,2026
230640,137795,2026
230650,18168,2026
230655,46219,2026
230660,21230,2026
230670,17584,2026
230680,10680,2026
230690,35161,2026
230700,33159,2026
230710,28891,2026
230720,8127,2026
230725,28707,2026
230730,307928,2026
230740,24655,2026
230750,32201,2026
230760,62945,2026
230763,17207,2026
230765,253442,2026
230770,108323,2026
230780,27283,2026
230790,11326,2026
230800,40037,2026
230810,47592,2026
230820,15952,2026
230830,26779,2026
230835,14787,2026
230837,14912,2026
230840,39215,2026
230850,38264,2026
230860,17675,2026
230870,65453,2026
230880,8557,2026
230890,23880,2026
230900,13988,2026
230910,11131,2026
230920,16126,2026
230930,32089,2026
230940,29148,2026
230945,25322,2026
230950,19871,2026
230960,76051,2026
230970,87219,2026
230980,11402,2026
230990,6351,2026
231000,9745,2026
231010,10169,2026
231020,42317,2026
231025,34266,2026
231030,32916,2026
231040,10399,2026
231050,42198,2026
231060,9403,2026
231070,40081,2026
231080,15848,2026
231085,25214,2026
231090,17363,2026
231095,11014,2026
231100,12458,2026
231110,18002,2026
231120,8786,2026
231123,6126,2026
231126,20580,2026
231130,89190,2026
231135,17004,2026
231140,87030,2026
231150,21707,2026
231160,28405,2026
231170,19043,2026
231180,75073,2026
231190,13854,2026
231195,17381,2026
231200,32218,2026
231210,17393,2026
231220,41496,2026
231230,50274,2026
231240,58848,2026
231250,5579,2026
231260,10818,2026
231270,25076,2026
231280,7581,2026
231290,217690,2026
231300,18831,2026
231310,32196,2026
231320,25314,2026
231325,7525,2026
231330,65035,2026
231335,17665,2026
231340,87757,2026
231350,62466,2026
231355,16720,2026
231360,34531,2026
231370,6934,2026
231375,17701,2026
231380,22460,2026
231390,14369,2026
231395,18754,2026
231400,40980,2026
231410,63316,2026
240010,10846,2026
240020,59278,2026
240030,11165,2026
240040,3030,2026
240050,14073,2026
240060,4799,2026
240070,12890,2026
240080,11997,2026
240090,6722,2026
240100,37574,2026
240110,24573,2026
240120,13703,2026
240130,10094,2026
240140,9131,2026
240145,28552,2026
240150,4112,2026
240160,4903,2026
240165,2357,2026
240170,10335,2026
240180,12670,2026
240185,6483,2026
240190,3361,2026
240200,63338,2026
240210,10515,2026
240220,30773,2026
240230,20202,2026
240240,8324,2026
240250,10042,2026
240260,83662,2026
240270,11345,2026
240280,5226,2026
240290,4279,2026
240300,8253,2026
240310,42915,2026
240320,7271,2026
240325,273952,2026
240330,6323,2026
240340,5447,2026
240350,10964,2026
240360,70452,2026
240370,6485,2026
240375,3041,2026
240380,10582,2026
240390,2753,2026
240400,4229,2026
240410,2159,2026
240420,28616,2026
240430,12223,2026
240440,10308,2026
240450,16197,2026
240460,11877,2026
240470,14580,2026
240480,2090,2026
240485,7570,2026
240490,5441,2026
240500,8055,2026
240510,6756,2026
240520,4794,2026
240530,8848,2026
240540,5207,2026
240550,2483,2026
240560,14474,2026
240570,11933,2026
240580,34925,2026
240590,2054,2026
240600,5967,2026
240610,18320,2026
240615,3877,2026
240620,6776,2026
240630,7615,2026
240640,2629,2026
240650,16274,2026
240660,8692,2026
240670,10082,2026
240680,4960,2026
240690,3573,2026
240700,9257,2026
240710,87634,2026
240720,28318,2026
240725,4104,2026
240730,8075,2026
240740,8420,2026
240750,10535,2026
240760,4417,2026
240770,11794,2026
240780,24055,2026
240790,2347,2026
240800,279100,2026
240810,783196,2026
240820,34674,2026
240830,35514,2026
240840,3725,2026
240850,5095,2026
240860,4050,2026
240870,3642,2026
240880,4949,2026
240890,22300,2026
240895,10711,2026
240910,11407,2026
240920,3244,2026
240930,11186,2026
240933,5006,2026
240940,32259,2026
240950,3743,2026
240960,2491,2026
240970,6281,2026
240980,14196,2026
240990,12464,2026
241000,2976,2026
241010,12514,2026
241020,7875,2026
241025,5345,2026
241030,11257,2026
241040,10283,2026
241050,5714,2026
241060,3002,2026
241070,2708,2026
241080,4247,2026
241090,7663,2026
241100,4342,2026
241105,5816,2026
241110,3241,2026
241120,39198,2026
241140,12700,2026
241142,2804,2026
241150,22807,2026
241160,3457,2026
241170,3888,2026
241180,3612,2026
241190,4333,2026
241200,125691,2026
241210,6142,2026
241220,50386,2026
241230,11259,2026
241240,4748,2026
241250,24509,2026
241255,10679,2026
241260,17419,2026
241270,5877,2026
241280,7879,2026
241290,10136,2026
241300,6546,2026
241310,6046,2026
241320,4210,2026
241330,5869,2026
241335,13935,2026
241340,7799,2026
241350,6608,2026
241355,4818,2026
241360,5610,2026
241370,4736,2026
241380,2411,2026
241390,11701,2026
241400,13565,2026
241410,10632,2026
241415,6183,2026
241420,18302,2026
241430,2428,2026
241440,34412,2026
241445,3480,2026
241450,10639,2026
241460,14080,2026
241470,5391,2026
241475,2976,2026
241480,11061,2026
241490,1909,2026
241500,3318,2026
250010,9582,2026
250020,4993,2026
250030,26544,2026
250040,21916,2026
250050,14159,2026
250053,5833,2026
250057,3179,2026
250060,23318,2026
250070,18531,2026
250073,2340,2026
250077,8286,2026
250080,16972,2026
250090,12469,2026
250100,17282,2026
250110,22983,2026
250115,2017,2026
250120,7473,2026
250130,19136,2026
250135,4423,2026
250140,9830,2026
250150,24271,2026
250153,5050,2026
250157,8241,2026
250160,12959,2026
250170,6144,2026
250180,83351,2026
250190,16682,2026
250200,6223,2026
250205,3704,2026
250210,5217,2026
250215,6608,2026
250220,2323,2026
250230,4701,2026
250240,10407,2026
250250,18276,2026
250260,5696,2026
250270,4142,2026
250280,14137,2026
250290,5793,2026
250300,22014,2026
250310,5557,2026
250320,71364,2026
250330,9319,2026
250340,3334,2026
250350,16293,2026
250355,7546,2026
250360,6657,2026
250370,66976,2026
250375,2744,2026
250380,5955,2026
250390,6354,2026
250400,446720,2026
250403,7539,2026
250407,4074,2026
250410,2363,2026
250415,7048,2026
250420,4540,2026
250430,32449,2026
250435,5592,2026
250440,18739,2026
250450,6632,2026
250460,30446,2026
250470,5145,2026
250480,14970,2026
250485,1893,2026
250490,17918,2026
250500,7864,2026
250510,20210,2026
250520,6887,2026
250523,6450,2026
250527,5423,2026
250530,2304,2026
250535,5151,2026
250540,8327,2026
250550,3784,2026
250560,6403,2026
250570,10636,2026
250580,3344,2026
250590,3020,2026
250600,32671,2026
250610,11300,2026
250620,2908,2026
250625,8401,2026
250630,60265,2026
250640,14148,2026
250650,3361,2026
250660,5693,2026
250670,10447,2026
250680,18268,2026
250690,23498,2026
250700,24842,2026
250710,19270,2026
250720,10863,2026
250730,15013,2026
250740,7734,2026
250750,906093,2026
250760,8117,2026
250770,17551,2026
250780,7035,2026
250790,10250,2026
250800,9352,2026
250810,4476,2026
250820,8155,2026
250830,29356,2026
250840,3339,2026
250850,7038,2026
250855,5166,2026
250860,13153,2026
250870,3575,2026
250880,6315,2026
250890,47200,2026
250900,10698,2026
250905,9634,2026
250910,22212,2026
250915,7041,2026
250920,14842,2026
250930,8711,2026
250933,4781,2026
250937,2577,2026
250939,6754,2026
250940,14492,2026
250950,6201,2026
250960,4422,2026
250970,34023,2026
250980,8875,2026
250990,8860,2026
251000,7396,2026
251010,9799,2026
251020,5884,2026
251030,4356,2026
251040,6010,2026
251050,3676,2026
251060,3003,2026
251065,1739,2026
251070,2597,2026
251080,108416,2026
251090,12184,2026
251100,3856,2026
251110,6963,2026
251120,31549,2026
251130,17166,2026
251140,18888,2026
251150,12972,2026
251160,6970,2026
251170,5562,2026
251180,9358,2026
251190,17168,2026
251200,18083,2026
251203,3935,2026
251207,4132,2026
251210,33933,2026
251220,4038,2026
251230,21688,2026
251240,15041,2026
251250,51156,2026
251260,1807,2026
251270,18424,2026
251272,5937,2026
251274,2927,2026
251275,4942,2026
251276,5030,2026
251278,2082,2026
251280,8813,2026
251290,25600,2026
251300,3434,2026
251310,11723,2026
251315,8191,2026
251320,5985,2026
251330,6025,2026
251335,3240,2026
251340,15447,2026
251350,5075,2026
251360,6580,2026
251365,2608,2026
251370,162488,2026
251380,4485,2026
251385,2714,2026
251390,33982,2026
251392,4506,2026
251394,2700,2026
251396,2612,2026
251398,3163,2026
251400,4348,2026
251410,4355,2026
251420,7234,2026
251430,4904,2026
251440,4015,2026
251445,6167,2026
251450,19571,2026
251455,3267,2026
251460,3341,2026
251465,1753,2026
251470,4295,2026
251480,3450,2026
251490,7619,2026
251500,7326,2026
251510,11407,2026
251520,3388,2026
251530,53598,2026
251540,10683,2026
251550,14185,2026
251560,3150,2026
251570,3068,2026
251580,6967,2026
251590,4673,2026
251593,5378,2026
251597,8709,2026
251600,27748,2026
251610,14435,2026
251615,3490,2026
251620,70247,2026
251630,17936,2026
251640,7662,2026
251650,14342,2026
251660,14482,2026
251670,15173,2026
251675,3095,2026
251680,10369,2026
251690,15475,2026
251700,9248,2026
251710,2790,2026
251720,4961,2026
251740,2335,2026
260005,104527,2026
260010,42915,2026
260020,19464,2026
260030,24740,2026
260040,26760,2026
260050,43922,2026
260060,14473,2026
260070,37328,2026
260080,21087,2026
260090,18209,2026
260100,10600,2026
260105,20052,2026
260110,90873,2026
260120,82933,2026
260130,12587,2026
260140,42108,2026
260150,10769,2026
260160,18588,2026
260170,84389,2026
260180,11944,2026
260190,65190,2026
260200,36161,2026
260210,46212,2026
260220,39300,2026
260230,39258,2026
260240,9433,2026
260250,8055,2026
260260,51492,2026
260270,13958,2026
260280,53545,2026
260290,219044,2026
260300,31776,2026
260310,20729,2026
260320,30692,2026
260330,11461,2026
260340,5342,2026
260345,156425,2026
260350,18044,2026
260360,7952,2026
260370,25114,2026
260380,18821,2026
260390,19551,2026
260392,12739,2026
260400,83727,2026
260410,408281,2026
260415,13447,2026
260420,32909,2026
260430,10842,2026
260440,13528,2026
260450,21289,2026
260460,25446,2026
260470,17679,2026
260480,10347,2026
260490,16179,2026
260500,24382,2026
260510,39797,2026
260515,17874,2026
260520,62102,2026
260530,33533,2026
260540,22271,2026
260545,3364,2026
260550,16103,2026
260560,20723,2026
260570,31771,2026
260580,14043,2026
260590,17223,2026
260600,152484,2026
260610,30465,2026
260620,85806,2026
260630,7227,2026
260640,92929,2026
260650,17538,2026
260660,28207,2026
260670,7325,2026
260680,123666,2026
260690,11329,2026
260700,28008,2026
260710,4989,2026
260720,107370,2026
260730,30828,2026
260740,4491,2026
260750,34380,2026
260760,25778,2026
260765,36677,2026
260770,14240,2026
260775,29859,2026
260780,17171,2026
260790,685222,2026
260795,10400,2026
260800,16332,2026
260805,14490,2026
260810,28786,2026
260820,13334,2026
260825,12067,2026
260830,16095,2026
260840,13980,2026
260845,18892,2026
260850,19815,2026
260860,12369,2026
260870,14283,2026
260875,25020,2026
260880,42120,2026
260890,59194,2026
260900,24658,2026
260910,11310,2026
260915,25990,2026
260920,9220,2026
260930,14610,2026
260940,57661,2026
260950,32205,2026
260960,364087,2026
260970,22389,2026
260980,14157,2026
260990,68637,2026
261000,56346,2026
261010,7059,2026
261020,23234,2026
261030,12838,2026
261040,18897,2026
261050,29767,2026
261060,60187,2026
261070,367155,2026
261080,23732,2026
261090,65549,2026
261100,36209,2026
261110,422461,2026
261120,10781,2026
261130,29261,2026
261140,14408,2026
261150,17507,2026
261153,6751,2026
261160,1588983,2026
261170,21561,2026
261180,33464,2026
261190,20322,2026
261200,11208,2026
261210,5346,2026
261220,66233,2026
261230,14081,2026
261240,18699,2026
261245,14362,2026
261247,11936,2026
261250,105386,2026
261255,12322,2026
261260,42874,2026
261270,14634,2026
261280,10464,2026
261290,13435,2026
261300,51075,2026
261310,39358,2026
261320,25009,2026
261330,20436,2026
261340,19549,2026
261350,37017,2026
261360,32523,2026
261370,118719,2026
261380,17179,2026
261390,99436,2026
261400,18769,2026
261410,34273,2026
261420,39113,2026
261430,10829,2026
261440,5371,2026
261450,68104,2026
261460,29261,2026
261470,14380,2026
261480,24986,2026
261485,24796,2026
261500,25523,2026
261510,6850,2026
261520,9241,2026
261530,47069,2026
261540,44183,2026
261550,14481,2026
261560,32414,2026
261570,15141,2026
261580,30149,2026
261590,8269,2026
261600,17605,2026
261610,9492,2026
261618,7770,2026
261620,23286,2026
261630,26522,2026
261640,142419,2026
261650,11615,2026
270010,19549,2026
270020,14157,2026
270030,243998,2026
270040,38461,2026
270050,16764,2026
270060,8124,2026
270070,17103,2026
270080,4819,2026
270090,5893,2026
270100,21465,2026
270110,9776,2026
270120,10706,2026
270130,16559,2026
270135,6809,2026
270140,32499,2026
270150,8282,2026
270160,15724,2026
270170,15044,2026
270180,9209,2026
270190,5996,2026
270200,11037,2026
270210,15902,2026
270220,5702,2026
270230,51783,2026
270235,26154,2026
270240,52858,2026
270250,9895,2026
270255,15683,2026
270260,23210,2026
270270,4033,2026
270280,9737,2026
270290,37338,2026
270300,13978,2026
270310,24442,2026
270320,22109,2026
270330,15388,2026
270340,5179,2026
270350,5414,2026
270360,9462,2026
270370,5067,2026
270375,9600,2026
270380,17325,2026
270390,4175,2026
270400,24382,2026
270410,18838,2026
270420,25179,2026
270430,995134,2026
270440,17825,2026
270450,33283,2026
270460,9706,2026
270470,62528,2026
270480,13971,2026
270490,3207,2026
270500,22119,2026
270510,24331,2026
270520,15706,2026
270530,4934,2026
270540,7345,2026
270550,25923,2026
270560,10280,2026
270570,21137,2026
270580,8522,2026
270590,4379,2026
270600,11047,2026
270610,11709,2026
270620,4407,2026
270630,73631,2026
270640,24291,2026
270642,10809,2026
270644,14208,2026
270650,14068,2026
270660,6689,2026
270670,60183,2026
270680,16189,2026
270690,36534,2026
270700,2785,2026
270710,23053,2026
270720,12962,2026
270730,24505,2026
270740,9520,2026
270750,20277,2026
270760,11303,2026
270770,97742,2026
270780,6606,2026
270790,7067,2026
270800,47426,2026
270810,11574,2026
270820,6557,2026
270830,21175,2026
270840,31574,2026
270850,31783,2026
270860,53376,2026
270870,8705,2026
270880,32709,2026
270890,25145,2026
270895,12544,2026
270900,5905,2026
270910,19431,2026
270915,39137,2026
270920,24099,2026
270930,60855,2026
270940,24411,2026
280010,2199,2026
280020,20570,2026
280030,623328,2026
280040,10445,2026
280050,18687,2026
280060,45916,2026
280067,24978,2026
280070,8034,2026
280100,18788,2026
280110,3845,2026
280120,33782,2026
280130,32847,2026
280140,20314,2026
280150,14226,2026
280160,5467,2026
280170,17646,2026
280190,3875,2026
280200,4439,2026
280210,67136,2026
280220,6389,2026
280230,14957,2026
280240,11288,2026
280250,3124,2026
280260,5921,2026
280270,8502,2026
280280,17030,2026
280290,110041,2026
280300,42339,2026
280310,4809,2026
280320,36272,2026
280330,16432,2026
280340,13737,2026
280350,106330,2026
280360,23932,2026
280370,7070,2026
280380,3681,2026
280390,11697,2026
280400,15938,2026
280410,11305,2026
280420,14829,2026
280430,8084,2026
280440,16394,2026
280445,9570,2026
280450,44088,2026
280460,25600,2026
280470,6413,2026
280480,205611,2026
280490,12671,2026
280500,2804,2026
280510,7298,2026
280520,5750,2026
280530,8006,2026
280540,29352,2026
280550,22221,2026
280560,27345,2026
280570,27157,2026
280580,18505,2026
280590,8832,2026
280600,17368,2026
280610,9516,2026
280620,20874,2026
280630,14038,2026
280640,7566,2026
280650,4059,2026
280660,11281,2026
280670,111567,2026
280680,10567,2026
280690,3337,2026
280700,3462,2026
280710,44708,2026
280720,7978,2026
280730,3405,2026
280740,52943,2026
280750,12047,2026
280760,24693,2026
290010,7366,2026
290020,18303,2026
290030,14187,2026
290035,14470,2026
290040,14798,2026
290050,10932,2026
290060,4627,2026
290070,161682,2026
290080,25769,2026
290090,5267,2026
290100,38656,2026
290110,24814,2026
290115,15566,2026
290120,26772,2026
290130,13557,2026
290135,15496,2026
290140,14183,2026
290150,11521,2026
290160,14915,2026
290170,11494,2026
290180,11258,2026
290190,16344,2026
290195,7090,2026
290200,14456,2026
290205,11960,2026
290210,50282,2026
290220,10091,2026
290225,10405,2026
290230,9003,2026
290240,11276,2026
290250,14163,2026
290260,18579,2026
290265,12270,2026
290270,53745,2026
290280,27890,2026
290290,38671,2026
290300,14404,2026
290310,5878,2026
290320,172521,2026
290323,13932,2026
290327,15814,2026
290330,5909,2026
290340,20490,2026
290350,19104,2026
290360,15599,2026
290370,13587,2026
290380,17221,2026
290390,68869,2026
290395,10010,2026
290400,14143,2026
290405,16453,2026
290410,19723,2026
290420,11443,2026
290430,13195,2026
290440,9344,2026
290450,12190,2026
290460,74617,2026
290470,14853,2026
290475,20230,2026
290480,6041,2026
290485,17009,2026
290490,30450,2026
290500,23336,2026
290510,10736,2026
290515,11370,2026
290520,54852,2026
290530,18073,2026
290540,18662,2026
290550,13626,2026
290560,22239,2026
290570,323676,2026
290580,31621,2026
290590,32613,2026
290600,75311,2026
290610,10668,2026
290620,25024,2026
290630,34437,2026
290640,7914,2026
290650,74645,2026
290660,13410,2026
290670,26472,2026
290680,39878,2026
290682,16722,2026
290685,11016,2026
290687,35627,2026
290689,10258,2026
290690,21719,2026
290700,8632,2026
290710,30498,2026
290720,76416,2026
290730,25468,2026
290740,3566,2026
290750,50068,2026
290755,9127,2026
290760,16844,2026
290770,10932,2026
290780,32314,2026
290790,17910,2026
290800,17460,2026
290810,19926,2026
290820,21556,2026
290830,16087,2026
290840,71860,2026
290850,37816,2026
290860,24484,2026
290870,17563,2026
290880,4506,2026
290890,28544,2026
290900,7735,2026
290910,14444,2026
290920,17602,2026
290930,34347,2026
290940,13451,2026
290950,4463,2026
290960,20348,2026
290970,14585,2026
290980,63437,2026
290990,36220,2026
291000,11316,2026
291005,75516,2026
291010,12348,2026
291020,4627,2026
291030,8071,2026
291040,19373,2026
291050,39880,2026
291060,34179,2026
291070,64969,2026
291072,121577,2026
291075,18489,2026
291077,5838,2026
291080,663408,2026
291085,18694,2026
291090,4981,2026
291100,11466,2026
291110,27700,2026
291120,34154,2026
291125,4485,2026
291130,11287,2026
291140,16139,2026
291150,5399,2026
291160,21387,2026
291165,8136,2026
291170,93873,2026
291180,19360,2026
291185,13040,2026
291190,25299,2026
291200,10739,2026
291210,22067,2026
291220,21952,2026
291230,14236,2026
291240,17139,2026
291250,14318,2026
291260,3829,2026
291270,27029,2026
291280,9332,2026
291290,19379,2026
291300,15036,2026
291310,17525,2026
291320,27771,2026
291330,6439,2026
291340,16088,2026
291345,13477,2026
291350,21677,2026
291360,189259,2026
291370,35384,2026
291380,13973,2026
291390,42359,2026
291400,59183,2026
291410,10377,2026
291420,6211,2026
291430,11018,2026
291440,24901,2026
291450,29630,2026
291460,79105,2026
291465,29589,2026
291470,68590,2026
291480,196041,2026
291490,29641,2026
291500,13734,2026
291510,14737,2026
291520,15692,2026
291530,6464,2026
291535,12656,2026
291540,5742,2026
291550,19138,2026
291560,61947,2026
291570,7158,2026
291580,24912,2026
291590,6069,2026
291600,18172,2026
291610,20339,2026
291620,10640,2026
291630,9437,2026
291640,68714,2026
291650,33311,2026
291660,10648,2026
291670,8478,2026
291680,17456,2026
291685,16526,2026
291690,11165,2026
291700,35489,2026
291710,16920,2026
291720,18519,2026
291730,22022,2026
291733,11584,2026
291735,9598,2026
291740,14919,2026
291750,87121,2026
291760,47519,2026
291770,34609,2026
291780,18395,2026
291790,9483,2026
291800,169623,2026
291810,39573,2026
291820,14076,2026
291830,14571,2026
291835,25976,2026
291840,257616,2026
291845,9934,2026
291850,17053,2026
291855,6378,2026
291860,7550,2026
291870,4235,2026
291875,14553,2026
291880,21706,2026
291890,4002,2026
291900,3600,2026
291905,7666,2026
291910,9302,2026
291915,27025,2026
291920,221023,2026
291930,11216,2026
291940,12196,2026
291950,46476,2026
291955,119947,2026
291960,10723,2026
291970,22924,2026
291980,43587,2026
291990,7417,2026
291992,19271,2026
291995,7224,2026
292000,9007,2026
292010,18102,2026
292020,15796,2026
292030,8992,2026
292040,14280,2026
292045,14595,2026
292050,29450,2026
292060,36875,2026
292070,25965,2026
292080,9447,2026
292090,13897,2026
292100,45073,2026
292105,10593,2026
292110,22524,2026
292120,25213,2026
292130,11438,2026
292140,16150,2026
292145,10529,2026
292150,49793,2026
292160,8209,2026
292170,35245,2026
292180,11469,2026
292190,12768,2026
292200,40213,2026
292205,13660,2026
292210,16997,2026
292220,7462,2026
292225,10810,2026
292230,30210,2026
292240,20569,2026
292250,28450,2026
292260,12381,2026
292265,19903,2026
292270,13910,2026
292273,8301,2026
292275,6691,2026
292280,8085,2026
292285,7634,2026
292290,24828,2026
292300,41699,2026
292303,11605,2026
292305,10935,2026
292310,22838,2026
292320,21315,2026
292330,7912,2026
292335,20236,2026
292340,20656,2026
292350,10962,2026
292360,21104,2026
292370,30689,2026
292380,27854,2026
292390,9494,2026
292400,119686,2026
292405,13678,2026
292410,6392,2026
292420,14169,2026
292430,21010,2026
292440,37493,2026
292450,15106,2026
292460,19579,2026
292465,10651,2026
292467,11527,2026
292470,9042,2026
292480,17569,2026
292490,8226,2026
292500,24018,2026
292510,50893,2026
292520,33541,2026
292525,18848,2026
292530,184087,2026
292540,10659,2026
292550,37733,2026
292560,15702,2026
292570,12941,2026
292575,29622,2026
292580,27490,2026
292590,26431,2026
292593,9861,2026
292595,20023,2026
292600,42957,2026
292610,14199,2026
292620,22352,2026
292630,35251,2026
292640,32032,2026
292650,14529,2026
292660,56449,2026
292665,10021,2026
292670,13641,2026
292680,13469,2026
292690,10764,2026
292700,36938,2026
292710,10959,2026
292720,29575,2026
292730,15685,2026
292740,2559945,2026
292750,21845,2026
292760,15411,2026
292770,31148,2026
292780,4612,2026
292790,10621,2026
292800,40196,2026
292805,14405,2026
292810,40486,2026
292820,25531,2026
292830,9046,2026
292840,28932,2026
292850,10914,2026
292860,58384,2026
292870,110268,2026
292880,55333,2026
292890,35161,2026
292895,8687,2026
292900,11014,2026
292905,15816,2026
292910,20927,2026
292920,41272,2026
292925,19246,2026
292930,42409,2026
292935,5415,2026
292937,10594,2026
292940,10625,2026
292950,42951,2026
292960,18699,2026
292970,16468,2026
292975,11875,2026
292980,10612,2026
292990,48894,2026
293000,9556,2026
293010,78193,2026
293015,36517,2026
293020,40310,2026
293030,17558,2026
293040,18818,2026
293050,84928,2026
293060,13893,2026
293070,120429,2026
293075,14030,2026
293076,14504,2026
293077,27222,2026
293080,17777,2026
293090,12367,2026
293100,21828,2026
293105,17815,2026
293110,7998,2026
293120,18542,2026
293130,16200,2026
293135,154114,2026
293140,7261,2026
293150,21824,2026
293160,15809,2026
293170,10923,2026
293180,16604,2026
293190,51067,2026
293200,25457,2026
293210,19118,2026
293220,17797,2026
293230,15605,2026
293240,13891,2026
293245,13692,2026
293250,18117,2026
293260,15759,2026
293270,22178,2026
293280,16603,2026
293290,90075,2026
293300,25138,2026
293305,14308,2026
293310,8325,2026
293315,13883,2026
293317,10357,2026
293320,45386,2026
293325,6076,2026
293330,398970,2026
293340,9883,2026
293345,13481,2026
293350,25835,2026
293360,47056,2026
310010,6326,2026
310020,23185,2026
310030,14395,2026
310040,4000,2026
310050,8862,2026
310060,12245,2026
310070,2176,2026
310080,4527,2026
310090,18859,2026
310100,14643,2026
310110,26257,2026
310120,6397,2026
310130,2823,2026
310140,3031,2026
310150,30994,2026
310160,82637,2026
310163,7285,2026
310170,42137,2026
310180,7009,2026
310190,18673,2026
310200,14291,2026
310205,6043,2026
310210,10871,2026
310220,3961,2026
310230,15355,2026
310240,4393,2026
310250,4554,2026
310260,42708,2026
310270,9360,2026
310280,12157,2026
310285,7839,2026
310290,11356,2026
310300,9362,2026
310310,1545,2026
310320,2220,2026
310330,2096,2026
310340,35124,2026
310350,123959,2026
310360,3004,2026
310370,8217,2026
310375,9196,2026
310380,2662,2026
310390,9708,2026
310400,119834,2026
310410,9323,2026
310420,43941,2026
310430,14245,2026
310440,2706,2026
310445,4820,2026
310450,17574,2026
310460,14697,2026
310470,13907,2026
310480,4553,2026
310490,18796,2026
310500,7577,2026
310510,24258,2026
310520,4800,2026
310530,6218,2026
310540,32424,2026
310550,4915,2026
310560,129757,2026
310570,5696,2026
310590,20640,2026
310600,10442,2026
310610,3286,2026
310620,2415451,2026
310630,24587,2026
310640,9074,2026
310650,9515,2026
310660,4546,2026
310665,4264,2026
310670,433902,2026
310680,3346,2026
310690,14383,2026
310700,2385,2026
310710,41547,2026
310720,5551,2026
310730,49919,2026
310740,54738,2026
310750,7007,2026
310760,4710,2026
310770,5797,2026
310780,14683,2026
310790,13434,2026
310800,17519,2026
310810,7747,2026
310820,5585,2026
310825,10557,2026
310830,17861,2026
310840,15144,2026
310850,5772,2026
310855,15535,2026
310860,33332,2026
310870,4278,2026
310880,4417,2026
310890,14478,2026
310900,41382,2026
310910,11176,2026
310920,9117,2026
310925,4169,2026
310930,24860,2026
310940,23756,2026
310945,6824,2026
310950,11150,2026
310960,3790,2026
310970,12353,2026
310980,2329,2026
310990,11976,2026
311000,39704,2026
311010,5505,2026
311020,4195,2026
311030,14666,2026
311040,2836,2026
311050,28152,2026
311060,31252,2026
311070,12543,2026
311080,2852,2026
311090,16406,2026
311100,21167,2026
311110,18129,2026
311115,3810,2026
311120,54106,2026
311130,11627,2026
311140,9019,2026
311150,13020,2026
311160,26693,2026
311170,4847,2026
311180,10678,2026
311190,5328,2026
311200,14188,2026
311205,4020,2026
311210,5133,2026
311220,4379,2026
311230,42162,2026
311240,6603,2026
311250,11316,2026
311260,14847,2026
311265,4619,2026
311270,14406,2026
311280,11111,2026
311290,9128,2026
311300,19376,2026
311310,2925,2026
311320,24436,2026
311330,32105,2026
311340,91082,2026
311350,8574,2026
311360,7093,2026
311370,18717,2026
311380,2702,2026
311390,11758,2026
311400,11302,2026
311410,14136,2026
311420,24775,2026
311430,29872,2026
311440,21545,2026
311450,18621,2026
311455,9636,2026
311460,4168,2026
311470,3421,2026
311480,4498,2026
311490,2260,2026
311500,2745,2026
311510,17487,2026
311520,3558,2026
311530,67600,2026
311535,5741,2026
311540,3107,2026
311545,7269,2026
311547,4771,2026
311550,21390,2026
311560,1078,2026
311570,6186,2026
311580,10454,2026
311590,3211,2026
311600,6315,2026
311610,9515,2026
311615,12992,2026
311620,2870,2026
311630,5502,2026
311640,4980,2026
311650,7202,2026
311660,32192,2026
311670,7300,2026
311680,8165,2026
311690,2795,2026
311700,6458,2026
311710,10740,2026
311720,2843,2026
311730,30589,2026
311740,4503,2026
311750,24846,2026
311760,5601,2026
311770,12751,2026
311780,11250,2026
311783,7446,2026
311787,7836,2026
311790,11483,2026
311800,55542,2026
311810,4920,2026
311820,6890,2026
311830,139858,2026
311840,20989,2026
311850,1561,2026
311860,652973,2026
311870,9179,2026
311880,26125,2026
311890,7481,2026
311900,3225,2026
311910,23981,2026
311920,11279,2026
311930,30209,2026
311940,108857,2026
311950,8194,2026
311960,2779,2026
311970,3610,2026
311980,2935,2026
311990,4493,2026
311995,6355,2026
312000,2889,2026
312010,4355,2026
312015,5219,2026
312020,12688,2026
312030,5103,2026
312040,4704,2026
312050,10657,2026
312060,5712,2026
312070,3623,2026
312080,15879,2026
312083,3924,2026
312087,7692,2026
312090,84709,2026
312100,5651,2026
312110,8137,2026
312120,8938,2026
312125,11275,2026
312130,5081,2026
312140,7979,2026
312150,3061,2026
312160,49625,2026
312170,3568,2026
312180,6594,2026
312190,4532,2026
312200,21521,2026
312210,4110,2026
312220,6560,2026
312230,244769,2026
312235,6568,2026
312240,6010,2026
312245,10730,2026
312247,3759,2026
312250,4954,2026
312260,5096,2026
312270,5360,2026
312280,3191,2026
312290,6258,2026
312300,10401,2026
312310,5107,2026
312320,12678,2026
312330,5222,2026
312340,1500,2026
312350,1870,2026
312352,8090,2026
312360,27510,2026
312370,14684,2026
312380,6336,2026
312385,5297,2026
312390,15191,2026
312400,21222,2026
312410,94543,2026
312420,24922,2026
312430,31366,2026
312440,7250,2026
312450,11921,2026
312460,2176,2026
312470,2674,2026
312480,6869,2026
312490,11116,2026
312500,3994,2026
312510,60681,2026
312520,2690,2026
312530,3222,2026
312540,5253,2026
312550,3099,2026
312560,6558,2026
312570,14281,2026
312580,2803,2026
312590,9543,2026
312595,10716,2026
312600,8548,2026
312610,71113,2026
312620,8088,2026
312630,3422,2026
312640,3252,2026
312650,6907,2026
312660,4530,2026
312670,23691,2026
312675,4986,2026
312680,5722,2026
312690,8269,2026
312695,3486,2026
312700,14980,2026
312705,4373,2026
312707,4473,2026
312710,61588,2026
312720,4981,2026
312730,6209,2026
312733,4831,2026
312735,2991,2026
312737,2849,2026
312738,4237,2026
312740,4951,2026
312750,5202,2026
312760,11524,2026
312770,266478,2026
312780,13987,2026
312790,1430,2026
312800,33596,2026
312810,14079,2026
312820,9882,2026
312825,5245,2026
312830,19679,2026
312840,7685,2026
312850,3052,2026
312860,6689,2026
312870,52862,2026
312880,7285,2026
312890,8948,2026
312900,7759,2026
312910,5107,2026
312920,6283,2026
312930,12675,2026
312940,5357,2026
312950,22515,2026
312960,6094,2026
312965,5089,2026
312970,10753,2026
312980,180404,2026
312990,3441,2026
313000,2726,2026
313005,10917,2026
313010,49729,2026
313020,11434,2026
313030,6723,2026
313040,7422,2026
313050,13321,2026
313055,7277,2026
313060,7561,2026
313065,6281,2026
313070,6314,2026
313080,2630,2026
313090,22854,2026
313100,6494,2026
313110,7642,2026
313115,17619,2026
313120,20262,2026
313130,234930,2026
313140,3792,2026
313150,9268,2026
313160,7509,2026
313170,118342,2026
313180,10537,2026
313190,56818,2026
313200,4191,2026
313210,17485,2026
313220,14500,2026
313230,10418,2026
313240,97065,2026
313250,34279,2026
313260,3692,2026
313270,21129,2026
313280,2162,2026
313290,11120,2026
313300,15294,2026
313310,15815,2026
313320,11233,2026
313330,19177,2026
313340,14024,2026
313350,21450,2026
313360,13778,2026
313370,13945,2026
313375,14614,2026
313380,104002,2026
313390,5742,2026
313400,13928,2026
313410,6249,2026
313420,107133,2026
313430,6906,2026
313440,40493,2026
313450,4384,2026
313460,21609,2026
313470,11064,2026
313480,7672,2026
313490,27060,2026
313500,3188,2026
313505,39884,2026
313507,4229,2026
313510,73814,2026
313520,67157,2026
313530,4738,2026
313535,8411,2026
313540,6522,2026
313545,6022,2026
313550,12621,2026
313560,6304,2026
313570,6184,2026
313580,24523,2026
313590,5342,2026
313600,13988,2026
313610,4191,2026
313620,84198,2026
313630,48906,2026
313640,3847,2026
313650,10546,2026
313652,3935,2026
313655,4345,2026
313657,3511,2026
313660,6129,2026
313665,33730,2026
313670,569588,2026
313680,3782,2026
313690,11755,2026
313695,5945,2026
313700,14134,2026
313710,6576,2026
313720,54251,2026
313730,3191,2026
313740,13186,2026
313750,19716,2026
313753,9257,2026
313760,82544,2026
313770,21577,2026
313780,21066,2026
313790,3201,2026
313800,5995,2026
313810,7436,2026
313820,111437,2026
313830,3273,2026
313835,4343,2026
313840,52779,2026
313850,4715,2026
313860,17847,2026
313862,9290,2026
313865,8958,2026
313867,7281,2026
313868,6316,2026
313870,5756,2026
313880,18366,2026
313890,6534,2026
313900,38788,2026
313910,5378,2026
313920,17635,2026
313925,6068,2026
313930,19109,2026
313940,98067,2026
313950,20910,2026
313960,27342,2026
313970,7545,2026
313980,13238,2026
313990,14577,2026
314000,64929,2026
314010,4325,2026
314015,16855,2026
314020,3600,2026
314030,4829,2026
314040,3328,2026
314050,14626,2026
314053,8866,2026
314055,9602,2026
314060,3918,2026
314070,41371,2026
314080,14590,2026
314085,8871,2026
314090,19173,2026
314100,12183,2026
314110,39753,2026
314120,3917,2026
314130,4094,2026
314140,20421,2026
314150,5580,2026
314160,10621,2026
314170,4934,2026
314180,23514,2026
314190,3808,2026
314200,14110,2026
314210,8899,2026
314220,13920,2026
314225,3955,2026
314230,5340,2026
314240,7843,2026
314250,2178,2026
314260,8579,2026
314270,13982,2026
314280,20748,2026
314290,20421,2026
314300,13353,2026
314310,49637,2026
314315,4425,2026
314320,21288,2026
314330,440700,2026
314340,25271,2026
314345,6925,2026
314350,9462,2026
314360,2414,2026
314370,3149,2026
314380,7997,2026
314390,108716,2026
314400,28824,2026
314410,22708,2026
314420,2365,2026
314430,34989,2026
314435,6445,2026
314437,3656,2026
314440,4810,2026
314450,8424,2026
314460,25741,2026
314465,11011,2026
314467,3098,2026
314470,17818,2026
314480,122683,2026
314490,3722,2026
314500,15321,2026
314505,6714,2026
314510,16981,2026
314520,116570,2026
314530,27094,2026
314535,10506,2026
314537,4594,2026
314540,1985,2026
314545,5539,2026
314550,2621,2026
314560,40599,2026
314570,2054,2026
314580,3021,2026
314585,5127,2026
314587,8893,2026
314590,40853,2026
314600,33340,2026
314610,78210,2026
314620,5837,2026
314625,5007,2026
314630,17394,2026
314640,4235,2026
314650,8364,2026
314655,5599,2026
314660,1491,2026
314670,5658,2026
314675,6313,2026
314690,14197,2026
314700,99578,2026
314710,103611,2026
314720,22541,2026
314730,21143,2026
314740,24993,2026
314750,1601,2026
314760,15852,2026
314770,8735,2026
314780,2320,2026
314790,117349,2026
314795,4789,2026
314800,170404,2026
314810,94834,2026
314820,5772,2026
314830,8730,2026
314840,4377,2026
314850,8119,2026
314860,17882,2026
314870,25088,2026
314875,7638,2026
314880,3360,2026
314890,4262,2026
314900,2948,2026
314910,10860,2026
314915,10584,2026
314920,3392,2026
314930,65424,2026
314940,1859,2026
314950,3472,2026
314960,4271,2026
314970,13301,2026
314980,18145,2026
314990,22154,2026
314995,6602,2026
315000,3532,2026
315010,2853,2026
315015,9046,2026
315020,4052,2026
315030,4691,2026
315040,5222,2026
315050,8839,2026
315053,4882,2026
315057,7225,2026
315060,6924,2026
315070,5864,2026
315080,17356,2026
315090,6366,2026
315100,9581,2026
315110,11498,2026
315120,57873,2026
315130,12052,2026
315140,27929,2026
315150,38257,2026
315160,11579,2026
315170,16856,2026
315180,173100,2026
315190,8409,2026
315200,32570,2026
315210,59703,2026
315213,3788,2026
315217,11041,2026
315220,38714,2026
315230,10854,2026
315240,13553,2026
315250,163439,2026
315260,6801,2026
315270,9409,2026
315280,29903,2026
315290,8518,2026
315300,3709,2026
315310,4814,2026
315320,3450,2026
315330,3169,2026
315340,19205,2026
315350,8615,2026
315360,12157,2026
315370,3227,2026
315380,1792,2026
315390,16854,2026
315400,23866,2026
315410,11426,2026
315415,8317,2026
315420,11567,2026
315430,17646,2026
315440,4638,2026
315445,6775,2026
315450,8831,2026
315460,348996,2026
315470,4233,2026
315480,10772,2026
315490,12785,2026
315500,2547,2026
315510,4622,2026
315520,5417,2026
315530,5765,2026
315540,8678,2026
315550,15443,2026
315560,29083,2026
315570,15069,2026
315580,17912,2026
315590,5230,2026
315600,12725,2026
315610,5128,2026
315620,2384,2026
315630,9267,2026
315640,3421,2026
315645,4954,2026
315650,5354,2026
315660,10628,2026
315670,134850,2026
315680,14240,2026
315690,28251,2026
315700,41826,2026
315710,6091,2026
315720,32068,2026
315725,8831,2026
315727,3236,2026
315730,4228,2026
315733,8357,2026
315737,3896,2026
315740,4714,2026
315750,4011,2026
315760,3507,2026
315765,6054,2026
315770,17058,2026
315780,231473,2026
315790,17071,2026
315800,10721,2026
315810,4752,2026
315820,12741,2026
315830,6731,2026
315840,3543,2026
315850,6982,2026
315860,3811,2026
315870,2167,2026
315880,4228,2026
315890,9290,2026
315895,49978,2026
315900,5724,2026
315910,3474,2026
315920,8537,2026
315930,4816,2026
315935,6984,2026
315940,3318,2026
315950,5994,2026
315960,42703,2026
315970,3497,2026
315980,22073,2026
315990,17664,2026
316000,3910,2026
316010,4362,2026
316020,3960,2026
316030,10254,2026
316040,28549,2026
316045,6715,2026
316050,1858,2026
316060,2667,2026
316070,43054,2026
316080,4855,2026
316090,4189,2026
316095,5808,2026
316100,17794,2026
316105,3237,2026
316110,54208,2026
316120,6269,2026
316130,5859,2026
316140,4831,2026
316150,10531,2026
316160,3145,2026
316165,3142,2026
316170,7510,2026
316180,12353,2026
316190,12590,2026
316200,24513,2026
316210,44364,2026
316220,8003,2026
316225,4973,2026
316230,3023,2026
316240,24128,2026
316245,13623,2026
316250,94852,2026
316255,11735,2026
316257,5490,2026
316260,7061,2026
316265,4047,2026
316270,24802,2026
316280,15609,2026
316290,26577,2026
316292,37509,2026
316294,8203,2026
316295,28445,2026
316300,3837,2026
316310,4719,2026
316320,4261,2026
316330,3465,2026
316340,5472,2026
316350,6267,2026
316360,2854,2026
316370,47071,2026
316380,6392,2026
316390,4968,2026
316400,7074,2026
316410,5121,2026
316420,10570,2026
316430,7397,2026
316440,6857,2026
316443,3257,2026
316447,6442,2026
316450,10194,2026
316460,9689,2026
316470,75593,2026
316480,1211,2026
316490,2396,2026
316500,11598,2026
316510,6822,2026
316520,7124,2026
316530,6922,2026
316540,6477,2026
316550,5117,2026
316553,40585,2026
316555,9940,2026
316556,2400,2026
316557,6572,2026
316560,2349,2026
316570,8007,2026
316580,2161,2026
316590,3979,2026
316600,5569,2026
316610,3046,2026
316620,10673,2026
316630,7568,2026
316640,1869,2026
316650,3788,2026
316660,857,2026
316670,6786,2026
316680,12359,2026
316690,7820,2026
316695,4498,2026
316700,2037,2026
316710,22695,2026
316720,239833,2026
316730,2408,2026
316740,6359,2026
316750,3108,2026
316760,20518,2026
316770,5107,2026
316780,5733,2026
316790,4095,2026
316800,34675,2026
316805,3523,2026
316810,4217,2026
316820,1690,2026
316830,4399,2026
316840,15134,2026
316850,12745,2026
316860,143115,2026
316870,84253,2026
316880,8102,2026
316890,8287,2026
316900,16631,2026
316905,3890,2026
316910,7705,2026
316920,8609,2026
316930,78492,2026
316935,30040,2026
316940,57325,2026
316950,5937,2026
316960,26679,2026
316970,20882,2026
316980,5114,2026
316990,107613,2026
317000,11993,2026
317005,13543,2026
317010,359275,2026
317020,768339,2026
317030,2743,2026
317040,91884,2026
317043,3789,2026
317047,3369,2026
317050,10921,2026
317052,18727,2026
317057,5768,2026
317060,2208,2026
317065,4721,2026
317070,144503,2026
317075,7363,2026
317080,34475,2026
317090,19206,2026
317100,20483,2026
317103,7706,2026
317107,5223,2026
317110,3476,2026
317115,5062,2026
317120,140004,2026
317130,79797,2026
317140,3781,2026
317150,3037,2026
317160,11686,2026
317170,9184,2026
317180,10503,2026
317190,4416,2026
317200,40809,2026
317210,4411,2026
317220,2368,2026
320010,32479,2026
320013,10183,2026
320016,12610,2026
320020,30693,2026
320030,14376,2026
320035,7772,2026
320040,33397,2026
320050,7438,2026
320060,104304,2026
320070,11078,2026
320080,32930,2026
320090,45574,2026
320100,14029,2026
320110,10867,2026
320115,13800,2026
320120,198367,2026
320130,376914,2026
320140,39747,2026
320150,130043,2026
320160,28891,2026
320170,12475,2026
320180,5391,2026
320190,38498,2026
320200,6919,2026
320210,22554,2026
320220,18941,2026
320225,11501,2026
320230,31528,2026
320240,137659,2026
320245,27765,2026
320250,12350,2026
320255,10119,2026
320260,12801,2026
320265,14793,2026
320270,14004,2026
320280,44621,2026
320290,10997,2026
320300,30626,2026
320305,31858,2026
320310,12112,2026
320313,14203,2026
320316,11622,2026
320320,185621,2026
320330,13090,2026
320332,46461,2026
320334,19159,2026
320335,13150,2026
320340,25011,2026
320350,19891,2026
320360,5667,2026
320370,18806,2026
320380,14160,2026
320390,52531,2026
320400,18914,2026
320405,21803,2026
320410,24861,2026
320420,24176,2026
320425,6640,2026
320430,15050,2026
320435,20467,2026
320440,11471,2026
320450,13950,2026
320455,45975,2026
320460,23977,2026
320465,9089,2026
320470,34313,2026
320480,11451,2026
320490,135450,2026
320495,11222,2026
320500,586901,2026
320501,28876,2026
320503,20413,2026
320506,25630,2026
320510,79611,2026
320515,9340,2026
320517,14289,2026
320520,510512,2026
320530,343935,2026
330010,179152,2026
330015,11429,2026
330020,137922,2026
330022,12213,2026
330023,44365,2026
330025,32835,2026
330030,98508,2026
330040,181675,2026
330045,518442,2026
330050,29769,2026
330060,37178,2026
330070,236772,2026
330080,59873,2026
330090,15060,2026
330093,14331,2026
330095,9050,2026
330100,519378,2026
330110,20023,2026
330115,13418,2026
330120,17741,2026
330130,48672,2026
330140,21771,2026
330150,21422,2026
330160,11356,2026
330170,866167,2026
330180,12804,2026
330185,54316,2026
330187,29681,2026
330190,240169,2026
330200,124040,2026
330205,14510,2026
330210,23646,2026
330220,107322,2026
330225,32721,2026
330227,102182,2026
330230,7582,2026
330240,264583,2026
330245,5603,2026
330250,244166,2026
330260,43677,2026
330270,212703,2026
330280,18048,2026
330285,178780,2026
330290,28151,2026
330300,28418,2026
330310,15552,2026
330320,155478,2026
330330,516820,2026
330340,203460,2026
330350,843367,2026
330360,43451,2026
330370,44485,2026
330380,47694,2026
330385,31382,2026
330390,294954,2026
330395,25102,2026
330400,29072,2026
330410,17833,2026
330411,21101,2026
330412,14168,2026
330414,149155,2026
330415,23149,2026
330420,137739,2026
330430,59147,2026
330440,17951,2026
330450,9269,2026
330452,168626,2026
330455,6731133,2026
330460,10580,2026
330470,43703,2026
330475,47411,2026
330480,41220,2026
330490,959977,2026
330500,38756,2026
330510,466487,2026
330513,7328,2026
330515,22775,2026
330520,110735,2026
330530,7990,2026
330540,18292,2026
330550,95355,2026
330555,84821,2026
330560,22029,2026
330570,15695,2026
330575,32868,2026
330580,176772,2026
330590,10654,2026
330600,82329,2026
330610,71442,2026
330615,10565,2026
330620,35908,2026
330630,280006,2026
350010,35701,2026
350020,4529,2026
350030,32884,2026
350040,7457,2026
350050,18277,2026
350055,7508,2026
350060,2933,2026
350070,39084,2026
350075,6411,2026
350080,4591,2026
350090,3456,2026
350100,17234,2026
350110,3866,2026
350115,17621,2026
350120,3980,2026
350130,28508,2026
350140,4906,2026
350150,2915,2026
350160,248392,2026
350170,33663,2026
350180,5986,2026
350190,69859,2026
350200,4703,2026
350210,61761,2026
350220,24628,2026
350230,5767,2026
350240,4126,2026
350250,33067,2026
350260,4101,2026
350270,24831,2026
350275,22448,2026
350280,208987,2026
350290,33989,2026
350300,5543,2026
350310,7099,2026
350315,2350,2026
350320,254508,2026
350330,136113,2026
350335,2092,2026
350340,8299,2026
350350,3614,2026
350360,10229,2026
350370,7592,2026
350380,53686,2026
350390,90644,2026
350395,1876,2026
350400,105051,2026
350410,168162,2026
350420,13841,2026
350430,4489,2026
350440,11435,2026
350450,96764,2026
350460,29738,2026
350470,3975,2026
350480,9946,2026
350490,10089,2026
350500,3644,2026
350510,5598,2026
350520,32406,2026
350530,35102,2026
350535,5252,2026
350540,6868,2026
350550,127276,2026
350560,33414,2026
350570,336015,2026
350580,21968,2026
350590,59999,2026
350600,394028,2026
350610,78298,2026
350620,2638,2026
350630,11906,2026
350635,67941,2026
350640,7473,2026
350650,123655,2026
350660,30599,2026
350670,13093,2026
350680,11492,2026
350690,10735,2026
350700,64240,2026
350710,22648,2026
350715,3609,2026
350720,935,2026
350730,4852,2026
350740,14396,2026
350745,2814,2026
350750,151600,2026
350760,186631,2026
350770,5487,2026
350775,2605,2026
350780,26446,2026
350790,24571,2026
350800,20783,2026
350810,17712,2026
350820,4467,2026
350830,4358,2026
350840,48815,2026
350850,100422,2026
350860,32579,2026
350870,17192,2026
350880,16908,2026
350890,3715,2026
350900,98810,2026
350910,5612,2026
350920,99249,2026
350925,29267,2026
350930,9191,2026
350940,24247,2026
350945,6101,2026
350950,1189761,2026
350960,79890,2026
350970,47932,2026
350980,5013,2026
350990,12493,2026
350995,5084,2026
351000,30144,2026
351010,2966,2026
351015,6647,2026
351020,47415,2026
351030,23939,2026
351040,51415,2026
351050,143291,2026
351060,398772,2026
351070,11462,2026
351080,28773,2026
351090,2866,2026
351100,20545,2026
351110,119368,2026
351120,7097,2026
351130,13454,2026
351140,22329,2026
351150,46547,2026
351160,19813,2026
351170,15827,2026
351190,7082,2026
351200,18914,2026
351210,6822,2026
351220,29220,2026
351230,15314,2026
351240,25390,2026
351250,5509,2026
351260,4249,2026
351270,4305,2026
351280,61196,2026
351290,9064,2026
351300,291704,2026
351310,34356,2026
351320,9651,2026
351330,2118,2026
351340,76381,2026
351350,114681,2026
351360,22467,2026
351370,32685,2026
351380,403802,2026
351385,1637,2026
351390,11296,2026
351400,9011,2026
351410,24839,2026
351420,2257,2026
351430,8154,2026
351440,46800,2026
351450,12534,2026
351460,9804,2026
351470,6288,2026
351480,13062,2026
351490,18226,2026
351492,3191,2026
351495,2346,2026
351500,260113,2026
351510,69041,2026
351512,3061,2026
351515,20377,2026
351518,40547,2026
351519,4211,2026
351520,9733,2026
351530,2752,2026
351535,7833,2026
351540,17069,2026
351550,73706,2026
351560,6092,2026
351565,1695,2026
351570,186816,2026
351580,1475,2026
351590,2739,2026
351600,13179,2026
351610,4053,2026
351620,366534,2026
351630,171806,2026
351640,150648,2026
351650,2815,2026
351660,6394,2026
351670,43051,2026
351680,3175,2026
351685,4815,2026
351690,10426,2026
351700,10321,2026
351710,4145,2026
351720,11496,2026
351730,5611,2026
351740,40547,2026
351750,22562,2026
351760,17197,2026
351770,18711,2026
351780,7423,2026
351790,10566,2026
351800,1999,2026
351810,6532,2026
351820,31902,2026
351830,32785,2026
351840,122100,2026
351850,15299,2026
351860,38740,2026
351870,294780,2026
351880,1351284,2026
351885,7485,2026
351890,4243,2026
351900,9329,2026
351905,15832,2026
351907,250195,2026
351910,10661,2026
351920,6189,2026
351925,8362,2026
351930,33204,2026
351940,11976,2026
351950,6439,2026
351960,62353,2026
351970,77936,2026
351980,7992,2026
351990,7739,2026
352000,23414,2026
352010,26643,2026
352020,11037,2026
352030,29900,2026
352040,36766,2026
352042,14237,2026
352044,26272,2026
352050,271322,2026
352060,5208,2026
352070,4117,2026
352080,3670,2026
352090,13936,2026
352100,38527,2026
352110,7051,2026
352115,7184,2026
352120,4075,2026
352130,14711,2026
352140,22559,2026
352150,6920,2026
352160,7098,2026
352170,18267,2026
352180,26023,2026
352190,17576,2026
352200,3726,2026
352210,119274,2026
352215,3503,2026
352220,163187,2026
352230,164687,2026
352240,92454,2026
352250,243967,2026
352260,74145,2026
352265,4433,2026
352270,40429,2026
352280,14231,2026
352290,14080,2026
352300,3990,2026
352310,384436,2026
352320,45111,2026
352330,15917,2026
352340,127729,2026
352350,19493,2026
352360,16473,2026
352370,5853,2026
352380,8242,2026
352390,175483,2026
352400,75776,2026
352410,38379,2026
352420,6269,2026
352430,73479,2026
352440,251848,2026
352450,8003,2026
352460,16183,2026
352470,62764,2026
352480,50132,2026
352490,6642,2026
352500,121848,2026
352510,47354,2026
352520,40433,2026
352530,137486,2026
352540,4021,2026
352550,13162,2026
352560,4470,2026
352570,38111,2026
352580,4297,2026
352585,3139,2026
352590,465277,2026
352600,20991,2026
352610,17121,2026
352620,27929,2026
352630,5191,2026
352640,27075,2026
352650,9967,2026
352660,7365,2026
352670,101734,2026
352680,68724,2026
352690,301780,2026
352700,7167,2026
352710,76946,2026
352720,87551,2026
352725,1957,2026
352730,55314,2026
352740,20383,2026
352750,2427,2026
352760,12594,2026
352770,4730,2026
352780,3993,2026
352790,2696,2026
352800,17157,2026
352810,7575,2026
352820,4067,2026
352830,3210,2026
352840,52092,2026
352850,98241,2026
352860,10148,2026
352870,4612,2026
352880,12784,2026
352885,3435,2026
352890,3514,2026
352900,247992,2026
352910,1854,2026
352920,25260,2026
352930,81144,2026
352940,429064,2026
352950,6466,2026
352960,4743,2026
352965,1992,2026
352970,19591,2026
352980,11297,2026
352990,18549,2026
353000,3218,2026
353010,28770,2026
353020,15997,2026
353030,66102,2026
353040,4795,2026
353050,69415,2026
353060,472255,2026
353070,160841,2026
353080,95929,2026
353090,3844,2026
353100,1941,2026
353110,65321,2026
353120,8967,2026
353130,48787,2026
353140,22684,2026
353150,18314,2026
353160,4311,2026
353170,4206,2026
353180,68311,2026
353190,28485,2026
353200,14206,2026
353205,4063,2026
353210,3734,2026
353215,2696,2026
353220,5999,2026
353230,7164,2026
353240,18729,2026
353250,9981,2026
353260,9888,2026
353270,4891,2026
353280,6910,2026
353282,8630,2026
353284,2053,2026
353286,1070,2026
353290,9460,2026
353300,19741,2026
353310,2187,2026
353320,4894,2026
353325,4457,2026
353330,2799,2026
353340,64924,2026
353350,39548,2026
353360,7587,2026
353370,4423,2026
353380,2530,2026
353390,57028,2026
353400,4969,2026
353410,6180,2026
353420,6167,2026
353430,39099,2026
353440,761441,2026
353450,2500,2026
353460,32123,2026
353470,106941,2026
353475,10717,2026
353480,7899,2026
353490,15322,2026
353500,11717,2026
353510,9627,2026
353520,8951,2026
353530,19666,2026
353540,15239,2026
353550,42014,2026
353560,17968,2026
353570,6224,2026
353580,19901,2026
353590,4125,2026
353600,10712,2026
353610,7482,2026
353620,19627,2026
353625,3056,2026
353630,14934,2026
353640,8303,2026
353650,117554,2026
353657,2166,2026
353660,7354,2026
353670,46439,2026
353680,6768,2026
353690,2863,2026
353700,15732,2026
353710,44433,2026
353715,2829,2026
353720,11650,2026
353730,63523,2026
353740,24334,2026
353750,9052,2026
353760,70891,2026
353770,5638,2026
353780,54291,2026
353790,28496,2026
353800,173267,2026
353810,14689,2026
353820,15740,2026
353830,3279,2026
353850,12468,2026
353860,26823,2026
353870,442635,2026
353880,30324,2026
353890,22726,2026
353900,11093,2026
353910,19005,2026
353920,26125,2026
353930,75701,2026
353940,15748,2026
353950,34311,2026
353960,4449,2026
353970,3050,2026
353980,106288,2026
353990,5708,2026
354000,20528,2026
354010,3437,2026
354020,38206,2026
354025,4199,2026
354030,2407,2026
354040,4179,2026
354050,10915,2026
354060,58837,2026
354070,54005,2026
354075,20831,2026
354080,19189,2026
354085,2581,2026
354090,17291,2026
354100,371190,2026
354105,5280,2026
354110,3820,2026
354120,14830,2026
354130,40267,2026
354140,235264,2026
354150,35728,2026
354160,35957,2026
354165,3482,2026
354170,13423,2026
354180,3380,2026
354190,9009,2026
354200,7291,2026
354210,9156,2026
354220,29381,2026
354230,4656,2026
354240,20671,2026
354250,7830,2026
354260,62101,2026
354270,6480,2026
354280,3151,2026
354290,11006,2026
354300,18953,2026
354310,4727,2026
354320,4783,2026
354323,2035,2026
354325,7572,2026
354330,119023,2026
354340,734538,2026
354350,5611,2026
354360,4198,2026
354370,9061,2026
354380,9314,2026
354390,210794,2026
354400,32386,2026
354410,45331,2026
354420,10436,2026
354425,17366,2026
354430,11174,2026
354440,2739,2026
354450,4028,2026
354460,5179,2026
354470,2524,2026
354480,6675,2026
354490,11708,2026
354500,15368,2026
354510,4883,2026
354515,8441,2026
354520,141994,2026
354530,45373,2026
354540,9229,2026
354550,3696,2026
354560,14183,2026
354570,6586,2026
354580,189562,2026
354600,14226,2026
354610,2710,2026
354620,4383,2026
354625,2173,2026
354630,29456,2026
354640,47833,2026
354650,6291,2026
354660,36458,2026
354670,23249,2026
354680,54775,2026
354690,7111,2026
354700,5303,2026
354710,3020,2026
354720,1700,2026
354730,165193,2026
354740,2802,2026
354750,24938,2026
354760,23697,2026
354765,1698,2026
354770,17884,2026
354780,784290,2026
354790,6947,2026
354800,23945,2026
354805,8616,2026
354810,6248,2026
354820,7333,2026
354830,3075,2026
354840,3909,2026
354850,429528,2026
354860,12025,2026
354870,842558,2026
354880,173216,2026
354890,267441,2026
354900,2617,2026
354910,96365,2026
354920,2623,2026
354925,1884,2026
354930,2297,2026
354940,49948,2026
354950,7640,2026
354960,3881,2026
354970,53437,2026
354980,506466,2026
354990,729153,2026
354995,16541,2026
355000,10485,2026
355010,38099,2026
355020,32943,2026
355030,11911337,2026
355040,40054,2026
355050,7334,2026
355060,81387,2026
355070,84514,2026
355080,10378,2026
355090,13533,2026
355100,338253,2026
355110,10718,2026
355120,3775,2026
355130,3194,2026
355140,13153,2026
355150,45734,2026
355160,31155,2026
355170,132692,2026
355180,12895,2026
355190,14666,2026
355200,6341,2026
355210,41633,2026
355220,766390,2026
355230,7461,2026
355240,292307,2026
355250,321600,2026
355255,3466,2026
355260,11497,2026
355270,15000,2026
355280,286201,2026
355290,6434,2026
355300,13124,2026
355310,5737,2026
355320,6804,2026
355330,21620,2026
355340,26116,2026
355350,8121,2026
355360,11875,2026
355365,2645,2026
355370,53212,2026
355380,24995,2026
355385,7223,2026
355390,6631,2026
355395,15375,2026
355400,129640,2026
355410,323380,2026
355420,4098,2026
355430,22622,2026
355440,7947,2026
355450,38749,2026
355460,2478,2026
355465,2049,2026
355470,9484,2026
355475,1728,2026
355480,53734,2026
355490,7102,2026
355495,7002,2026
355500,65447,2026
355510,16307,2026
355520,1832,2026
355530,1652,2026
355535,5461,2026
355540,97541,2026
355550,5310,2026
355560,10698,2026
355570,1629,2026
355580,8973,2026
355590,1428,2026
355600,14104,2026
355610,14727,2026
355620,132862,2026
355630,24830,2026
355635,10915,2026
355640,41283,2026
355645,52574,2026
355650,119923,2026
355660,10256,2026
355670,79477,2026
355680,17689,2026
355690,8405,2026
355695,1830,2026
355700,134103,2026
355710,100935,2026
355715,2784,2026
355720,12418,2026
355730,11647,2026
410010,7201,2026
410020,6312,2026
410030,10891,2026
410040,127031,2026
410045,3452,2026
410050,18525,2026
410060,14198,2026
410070,9744,2026
410080,10483,2026
410090,4646,2026
410100,20479,2026
410105,2973,2026
410110,19944,2026
410115,3380,2026
410120,18091,2026
410130,7027,2026
410140,135481,2026
410150,125767,2026
410160,26321,2026
410165,3571,2026
410170,14958,2026
410180,164291,2026
410185,2346,2026
410190,13320,2026
410200,38591,2026
410210,26262,2026
410220,4050,2026
410230,13994,2026
410240,31690,2026
410250,10465,2026
410260,9904,2026
410270,2877,2026
410275,4128,2026
410280,14967,2026
410290,15615,2026
410300,4595,2026
410302,2402,2026
410304,6235,2026
410305,8022,2026
410310,13541,2026
410315,4083,2026
410320,6675,2026
410322,3239,2026
410330,7809,2026
410335,4691,2026
410337,3891,2026
410340,2644,2026
410345,20411,2026
410347,4591,2026
410350,9002,2026
410360,23352,2026
410370,111553,2026
410380,10182,2026
410390,16035,2026
410395,3945,2026
410400,51154,2026
410405,3974,2026
410410,7717,2026
410420,146002,2026
410425,32227,2026
410430,104881,2026
410440,14995,2026
410442,15173,2026
410445,10548,2026
410450,21208,2026
410460,14754,2026
410465,24721,2026
410470,17985,2026
410480,372026,2026
410490,76015,2026
410500,10636,2026
410510,10881,2026
410520,15681,2026
410530,11258,2026
410540,21690,2026
410550,83579,2026
410560,11730,2026
410570,14699,2026
410580,242698,2026
410590,23347,2026
410600,8447,2026
410610,3464,2026
410620,20205,2026
410630,18004,2026
410640,45614,2026
410645,5342,2026
410650,24107,2026
410655,3755,2026
410657,4120,2026
410660,25071,2026
410670,4539,2026
410680,15632,2026
410685,2854,2026
410690,1832183,2026
410700,13767,2026
410710,5116,2026
410712,3126,2026
410715,4484,2026
410720,48127,2026
410725,9737,2026
410730,6547,2026
410740,6140,2026
410750,12258,2026
410752,1844,2026
410753,4810,2026
410754,4888,2026
410755,2968,2026
410760,16548,2026
410765,170123,2026
410770,4469,2026
410773,6420,2026
410775,8115,2026
410780,4789,2026
410785,4315,2026
410790,11801,2026
410800,11667,2026
410810,2718,2026
410820,7769,2026
410830,299112,2026
410832,8677,2026
410840,103424,2026
410845,4863,2026
410850,10531,2026
410855,2889,2026
410860,28895,2026
410865,6412,2026
410870,5466,2026
410880,33145,2026
410890,6786,2026
410895,7913,2026
410900,4902,2026
410910,2208,2026
410920,4719,2026
410930,13718,2026
410940,190542,2026
410950,7418,2026
410960,45529,2026
410965,4740,2026
410970,29465,2026
410975,6352,2026
410980,53486,2026
410990,9158,2026
411000,5777,2026
411005,2150,2026
411007,15235,2026
411010,30940,2026
411020,9477,2026
411030,2453,2026
411040,4553,2026
411050,14321,2026
411060,16149,2026
411065,2314,2026
411070,61192,2026
411080,10836,2026
411090,4525,2026
411095,12267,2026
411100,5766,2026
411110,6236,2026
411120,12980,2026
411125,33763,2026
411130,3606,2026
411140,13501,2026
411150,33619,2026
411155,6746,2026
411160,2666,2026
411170,5687,2026
411180,41571,2026
411190,16085,2026
411200,36575,2026
411210,22000,2026
411220,5766,2026
411230,5062,2026
411240,9430,2026
411250,12118,2026
411260,1345,2026
411270,11992,2026
411275,11047,2026
411280,12415,2026
411290,3366,2026
411295,7906,2026
411300,6791,2026
411310,4671,2026
411320,45877,2026
411325,5478,2026
411330,33267,2026
411340,3701,2026
411342,3985,2026
411345,5208,2026
411350,24090,2026
411360,4719,2026
411370,584465,2026
411373,6619,2026
411375,4846,2026
411380,4942,2026
411390,13698,2026
411400,13519,2026
411410,35253,2026
411420,38564,2026
411430,29437,2026
411435,2770,2026
411440,16709,2026
411450,14740,2026
411460,59291,2026
411470,5921,2026
411480,45360,2026
411490,8750,2026
411500,7474,2026
411510,9886,2026
411520,432635,2026
411530,6535,2026
411535,6878,2026
411540,16728,2026
411545,4465,2026
411550,4786,2026
411560,19368,2026
411570,42671,2026
411573,3216,2026
411575,9740,2026
411580,58681,2026
411585,6248,2026
411590,2243,2026
411600,2024,2026
411605,11459,2026
411610,10955,2026
411620,19248,2026
411630,4075,2026
411640,3653,2026
411650,1316,2026
411660,3274,2026
411670,14448,2026
411680,6700,2026
411690,27140,2026
411695,5814,2026
411700,7083,2026
411705,12318,2026
411710,13065,2026
411720,6002,2026
411721,4325,2026
411722,8624,2026
411725,13482,2026
411727,6818,2026
411729,3246,2026
411730,24808,2026
411740,3181,2026
411745,7169,2026
411750,49694,2026
411760,50564,2026
411770,35054,2026
411780,12766,2026
411790,37431,2026
411800,13819,2026
411810,9506,2026
411820,150436,2026
411830,2328,2026
411840,96870,2026
411845,6060,2026
411850,99041,2026
411860,5720,2026
411870,6385,2026
411880,13476,2026
411885,7691,2026
411890,12493,2026
411900,6184,2026
411910,14557,2026
411915,131857,2026
411920,6698,2026
411925,2813,2026
411930,30431,2026
411940,23991,2026
411950,129035,2026
411960,34583,2026
411965,3155,2026
411970,4123,2026
411980,14766,2026
411990,378527,2026
411995,33730,2026
412000,11113,2026
412010,4046,2026
412015,3023,2026
412020,3410,2026
412030,3487,2026
412033,3833,2026
412035,5838,2026
412040,4277,2026
412050,10018,2026
412060,50988,2026
412065,4087,2026
412070,8491,2026
412080,25663,2026
412085,4714,2026
412090,31431,2026
412100,10560,2026
412110,5047,2026
412120,18963,2026
412125,4284,2026
412130,3445,2026
412135,2609,2026
412140,20276,2026
412150,14846,2026
412160,6947,2026
412170,24856,2026
412175,6447,2026
412180,12959,2026
412190,13129,2026
412200,14174,2026
412210,3206,2026
412215,14345,2026
412217,3835,2026
412220,40745,2026
412230,31954,2026
412240,76671,2026
412250,11321,2026
412260,9261,2026
412265,5475,2026
412270,9678,2026
412280,4074,2026
412290,5214,2026
412300,15800,2026
412310,3333,2026
412320,3340,2026
412330,8872,2026
412340,11789,2026
412350,26601,2026
412360,1739,2026
412370,9052,2026
412380,14519,2026
412382,3621,2026
412385,9786,2026
412390,10856,2026
412395,3348,2026
412400,5663,2026
412402,14113,2026
412405,25510,2026
412410,45730,2026
412420,2460,2026
412430,2070,2026
412440,25273,2026
412450,6521,2026
412460,6741,2026
412470,10853,2026
412480,12377,2026
412490,5587,2026
412500,10586,2026
412510,13900,2026
412520,9605,2026
412530,5149,2026
412535,6718,2026
412540,5994,2026
412545,4039,2026
412550,353874,2026
412555,2178,2026
412560,43558,2026
412570,30624,2026
412575,5686,2026
412580,8423,2026
412590,2736,2026
412600,8028,2026
412610,5275,2026
412620,6775,2026
412625,130211,2026
412627,6479,2026
412630,17151,2026
412635,5188,2026
412640,5642,2026
412650,16228,2026
412660,24299,2026
412665,3501,2026
412667,10444,2026
412670,4999,2026
412680,16404,2026
412690,5802,2026
412700,9495,2026
412710,77798,2026
412720,18278,2026
412730,14938,2026
412740,18719,2026
412750,20408,2026
412760,18646,2026
412770,162658,2026
412780,8500,2026
412785,11115,2026
412788,6859,2026
412790,8028,2026
412795,8213,2026
412796,14110,2026
412800,25928,2026
412810,124077,2026
412820,56701,2026
412830,2086,2026
412840,10242,2026
412850,19392,2026
412853,9742,2026
412855,8131,2026
412860,8080,2026
412862,3058,2026
412863,5742,2026
412865,3818,2026
412870,10724,2026
412880,5822,2026
420005,2628,2026
420010,17797,2026
420020,11798,2026
420030,6453,2026
420040,6547,2026
420050,6118,2026
420055,3036,2026
420060,7301,2026
420070,11061,2026
420075,1834,2026
420080,5922,2026
420090,5489,2026
420100,8311,2026
420110,3792,2026
420120,12803,2026
420125,10061,2026
420127,4522,2026
420130,53939,2026
420140,77625,2026
420150,9388,2026
420160,3640,2026
420165,2646,2026
420170,8804,2026
420180,3263,2026
420190,7352,2026
420195,18343,2026
420200,154525,2026
420205,17533,2026
420207,18651,2026
420208,3287,2026
420209,1628,2026
420210,54854,2026
420213,5929,2026
420215,2715,2026
420220,10755,2026
420230,85472,2026
420240,390371,2026
420243,3660,2026
420245,29722,2026
420250,3964,2026
420253,2919,2026
420257,2245,2026
420260,8378,2026
420270,5786,2026
420280,36426,2026
420285,4308,2026
420287,2402,2026
420290,158593,2026
420300,76591,2026
420310,6451,2026
420315,3525,2026
420320,121040,2026
420325,2636,2026
420330,13007,2026
420340,7306,2026
420350,9884,2026
420360,39429,2026
420370,13819,2026
420380,57169,2026
420390,24647,2026
420395,25226,2026
420400,11126,2026
420410,4794,2026
420415,2868,2026
420417,3280,2026
420419,3070,2026
420420,289170,2026
420425,18295,2026
420430,88402,2026
420435,5305,2026
420440,10626,2026
420445,1959,2026
420450,16042,2026
420455,16341,2026
420460,229333,2026
420470,11276,2026
420475,2078,2026
420480,41964,2026
420490,8610,2026
420500,15337,2026
420510,4482,2026
420515,3721,2026
420517,3596,2026
420519,2342,2026
420520,5193,2026
420530,11588,2026
420535,1886,2026
420540,598370,2026
420543,2759,2026
420545,35582,2026
420550,33969,2026
420555,2446,2026
420560,3137,2026
420570,35153,2026
420580,20313,2026
420590,79645,2026
420600,18632,2026
420610,6407,2026
420620,13323,2026
420630,27195,2026
420640,11100,2026
420650,52093,2026
420660,4888,2026
420665,9947,2026
420670,22271,2026
420675,2067,2026
420680,3287,2026
420690,21132,2026
420700,64717,2026
420710,19048,2026
420720,12171,2026
420730,58381,2026
420740,6166,2026
420750,79523,2026
420757,2981,2026
420760,4614,2026
420765,9846,2026
420768,8218,2026
420770,8177,2026
420775,3958,2026
420780,10622,2026
420785,2096,2026
420790,10416,2026
420800,7430,2026
420810,23063,2026
420820,302247,2026
420830,88842,2026
420840,17388,2026
420845,37488,2026
420850,28897,2026
420860,4486,2026
420870,10833,2026
420880,21850,2026
420890,203204,2026
420895,1811,2026
420900,32103,2026
420910,673980,2026
420915,6539,2026
420917,2744,2026
420920,2307,2026
420930,173278,2026
420940,44126,2026
420945,1804,2026
420950,8764,2026
420960,14633,2026
420970,11547,2026
420980,3383,2026
420985,4597,2026
420990,14066,2026
421000,12363,2026
421003,5970,2026
421005,1792,2026
421010,57501,2026
421020,3248,2026
421030,7540,2026
421040,8478,2026
421050,31318,2026
421055,2220,2026
421060,18344,2026
421070,2787,2026
421080,7129,2026
421085,2546,2026
421090,4162,2026
421100,10196,2026
421105,9201,2026
421110,7708,2026
421120,19708,2026
421125,3108,2026
421130,98421,2026
421140,5553,2026
421145,4696,2026
421150,14536,2026
421160,14042,2026
421165,2652,2026
421170,24901,2026
421175,17965,2026
421180,7033,2026
421185,2188,2026
421187,2022,2026
421189,2201,2026
421190,261287,2026
421200,7684,2026
421205,2675,2026
421210,15750,2026
421220,19869,2026
421223,4412,2026
421225,15421,2026
421227,3964,2026
421230,10093,2026
421240,4371,2026
421250,37775,2026
421260,3041,2026
421265,10696,2026
421270,7041,2026
421280,31604,2026
421290,24419,2026
421300,3662,2026
421310,6233,2026
421315,3085,2026
421320,37602,2026
421330,4350,2026
421335,3234,2026
421340,10708,2026
421350,32615,2026
421360,33657,2026
421370,18270,2026
421380,8788,2026
421390,1700,2026
421400,22226,2026
421410,2349,2026
421415,3080,2026
421420,11502,2026
421430,3533,2026
421440,6405,2026
421450,6663,2026
421460,8160,2026
421470,11247,2026
421480,78666,2026
421490,5081,2026
421500,40096,2026
421505,2426,2026
421507,4821,2026
421510,13665,2026
421520,4613,2026
421530,7659,2026
421535,3575,2026
421540,4508,2026
421545,14022,2026
421550,15734,2026
421555,2480,2026
421560,2137,2026
421565,10595,2026
421567,7955,2026
421568,2506,2026
421569,1749,2026
421570,30790,2026
421575,2715,2026
421580,88401,2026
421590,2977,2026
421600,10413,2026
421605,6586,2026
421610,9330,2026
421620,57649,2026
421625,6492,2026
421630,35926,2026
421635,4920,2026
421640,9428,2026
421650,27109,2026
421660,301218,2026
421670,14597,2026
421680,8658,2026
421690,26340,2026
421700,14667,2026
421710,3539,2026
421715,1766,2026
421720,48490,2026
421725,6272,2026
421730,10922,2026
421740,22098,2026
421750,19633,2026
421755,3374,2026
421760,14223,2026
421770,32040,2026
421775,2907,2026
421780,19003,2026
421790,8100,2026
421795,2589,2026
421800,60560,2026
421810,5512,2026
421820,50613,2026
421825,7536,2026
421830,20674,2026
421835,3939,2026
421840,7679,2026
421850,9749,2026
421860,7661,2026
421870,117924,2026
421875,5108,2026
421880,13713,2026
421885,2784,2026
421890,11079,2026
421895,2771,2026
421900,21539,2026
421910,3729,2026
421915,2595,2026
421917,4579,2026
421920,6263,2026
421930,59839,2026
421935,5524,2026
421940,4569,2026
421950,55573,2026
421960,3462,2026
421970,35058,2026
421985,4342,2026
422000,18155,2026
430003,4251,2026
430005,4003,2026
430010,16347,2026
430020,6843,2026
430030,6219,2026
430040,74285,2026
430045,3705,2026
430047,2007,2026
430050,7235,2026
430055,1837,2026
430057,3145,2026
430060,194061,2026
430063,5384,2026
430064,7813,2026
430066,1156,2026
430070,6080,2026
430080,13332,2026
430085,4215,2026
430087,8831,2026
430090,6618,2026
430100,22524,2026
430105,11419,2026
430107,2650,2026
430110,14934,2026
430120,12290,2026
430130,17879,2026
430140,10547,2026
430150,7303,2026
430155,3458,2026
430160,121929,2026
430163,15413,2026
430165,6496,2026
430170,7320,2026
430175,5972,2026
430180,4915,2026
430185,3231,2026
430187,4340,2026
430190,12476,2026
430192,1721,2026
430195,2557,2026
430200,9424,2026
430205,2118,2026
430210,127980,2026
430215,1968,2026
430220,7129,2026
430222,2269,2026
430223,2314,2026
430225,2815,2026
430230,11429,2026
430235,13665,2026
430237,2132,2026
430240,12587,2026
430245,6202,2026
430250,5978,2026
430258,2195,2026
430260,3322,2026
430265,5083,2026
430270,19421,2026
430280,33501,2026
430290,11299,2026
430300,82222,2026
430310,141506,2026
430320,4692,2026
430330,4795,2026
430340,4931,2026
430350,63961,2026
430355,3060,2026
430360,6490,2026
430367,3311,2026
430370,5999,2026
430380,5388,2026
430390,64720,2026
430400,5063,2026
430410,3695,2026
430420,29775,2026
430430,6419,2026
430435,11012,2026
430440,50717,2026
430450,50968,2026
430460,359845,2026
430461,1686,2026
430462,1769,2026
430463,66237,2026
430465,3187,2026
430466,27416,2026
430467,4080,2026
430468,11424,2026
430469,2994,2026
430470,63671,2026
430471,7555,2026
430480,31586,2026
430485,1384,2026
430490,9698,2026
430495,3064,2026
430500,8834,2026
430510,479604,2026
430511,2777,2026
430512,5909,2026
430513,3859,2026
430515,2428,2026
430517,9333,2026
430520,14015,2026
430530,9751,2026
430535,36110,2026
430537,2800,2026
430540,3991,2026
430543,6409,2026
430544,4682,2026
430545,17584,2026
430550,4208,2026
430558,2474,2026
430560,3316,2026
430570,6538,2026
430580,10631,2026
430583,1308,2026
430585,2248,2026
430587,2896,2026
430590,6214,2026
430593,1637,2026
430595,3926,2026
430597,2718,2026
430600,13116,2026
430605,7455,2026
430607,2745,2026
430610,60453,2026
430613,1650,2026
430620,12574,2026
430630,4400,2026
430632,2793,2026
430635,2540,2026
430637,2856,2026
430640,31805,2026
430642,2132,2026
430645,3156,2026
430650,13279,2026
430655,2617,2026
430660,38080,2026
430670,3133,2026
430673,4533,2026
430675,1924,2026
430676,41013,2026
430680,23521,2026
430690,24275,2026
430692,1315,2026
430693,9368,2026
430695,2727,2026
430697,3122,2026
430700,109610,2026
430705,3097,2026
430710,6302,2026
430720,5027,2026
430730,6891,2026
430740,3264,2026
430745,3293,2026
430750,15478,2026
430755,5685,2026
430760,49500,2026
430770,78143,2026
430780,33263,2026
430781,3115,2026
430783,2683,2026
430786,2620,2026
430790,72553,2026
430800,6846,2026
430805,2572,2026
430807,4405,2026
430810,13994,2026
430820,32015,2026
430825,1690,2026
430830,9710,2026
430840,6527,2026
430843,2441,2026
430845,4569,2026
430850,33726,2026
430860,35563,2026
430865,2724,2026
430870,5778,2026
430880,7743,2026
430885,1784,2026
430890,16956,2026
430900,16273,2026
430905,7851,2026
430910,41706,2026
430912,2047,2026
430915,3350,2026
430920,275432,2026
430925,1441,2026
430930,95946,2026
430940,26168,2026
430950,7547,2026
430955,5535,2026
430957,2604,2026
430960,19252,2026
430965,6102,2026
430970,4772,2026
430975,3787,2026
430980,4617,2026
430990,6827,2026
430995,3788,2026
431000,22106,2026
431010,34777,2026
431020,87849,2026
431030,4245,2026
431033,28029,2026
431036,3149,2026
431040,6557,2026
431041,2047,2026
431043,5490,2026
431046,1748,2026
431050,7631,2026
431053,5712,2026
431055,3038,2026
431057,1963,2026
431060,36811,2026
431065,2696,2026
431070,3240,2026
431075,1962,2026
431080,23567,2026
431085,3847,2026
431087,2066,2026
431090,3398,2026
431100,27396,2026
431110,10771,2026
431112,3751,2026
431113,3412,2026
431115,7294,2026
431120,18545,2026
431123,2283,2026
431125,5421,2026
431127,1781,2026
431130,28622,2026
431140,96883,2026
431142,2661,2026
431150,7290,2026
431160,4845,2026
431162,6420,2026
431164,1721,2026
431170,5867,2026
431171,4485,2026
431173,3203,2026
431175,6915,2026
431177,7593,2026
431179,2521,2026
431180,46750,2026
431190,4382,2026
431198,4002,2026
431200,1884,2026
431205,4050,2026
431210,4782,2026
431213,2611,2026
431215,5001,2026
431217,1833,2026
431220,4251,2026
431225,7661,2026
431230,4501,2026
431235,1530,2026
431237,3251,2026
431238,2608,2026
431240,66353,2026
431242,2796,2026
431244,3133,2026
431245,6168,2026
431247,6167,2026
431250,12347,2026
431260,4692,2026
431261,2937,2026
431262,1754,2026
431265,18335,2026
431267,1982,2026
431270,14074,2026
431275,3229,2026
431280,5098,2026
431290,9867,2026
431295,2089,2026
431300,3104,2026
431301,3138,2026
431303,4976,2026
431306,20559,2026
431308,2389,2026
431310,5676,2026
431320,23934,2026
431330,26638,2026
431333,2198,2026
431335,3545,2026
431337,30190,2026
431339,3633,2026
431340,235801,2026
431342,3238,2026
431344,2187,2026
431346,1677,2026
431349,4375,2026
431350,49000,2026
431360,3685,2026
431365,13190,2026
431370,34227,2026
431380,8042,2026
431390,45103,2026
431395,10443,2026
431400,7362,2026
431402,6620,2026
431403,4441,2026
431405,53569,2026
431406,4024,2026
431407,6155,2026
431410,214815,2026
431413,2188,2026
431415,8146,2026
431417,2099,2026
431420,7631,2026
431430,3817,2026
431440,336150,2026
431442,5473,2026
431445,3039,2026
431446,2300,2026
431447,3861,2026
431449,4638,2026
431450,11394,2026
431454,2785,2026
431455,2255,2026
431460,17770,2026
431470,10625,2026
431475,2224,2026
431477,3345,2026
431478,1602,2026
431480,35274,2026
431490,1388791,2026
431500,4413,2026
431505,2173,2026
431507,1582,2026
431510,10127,2026
431513,1771,2026
431514,3166,2026
431515,5423,2026
431517,2070,2026
431520,3809,2026
431530,23995,2026
431531,1577,2026
431532,2553,2026
431535,4003,2026
431540,9931,2026
431545,1825,2026
431550,15205,2026
431555,2866,2026
431560,198935,2026
431570,35641,2026
431575,4574,2026
431580,10646,2026
431590,6831,2026
431595,2330,2026
431600,21753,2026
431610,9969,2026
431620,5078,2026
431630,6692,2026
431640,37673,2026
431642,2528,2026
431643,2619,2026
431645,10357,2026
431647,2955,2026
431650,7184,2026
431660,16770,2026
431670,8268,2026
431673,1710,2026
431675,7080,2026
431680,138273,2026
431690,282397,2026
431695,6486,2026
431697,2661,2026
431700,7128,2026
431710,87330,2026
431720,79489,2026
431725,1529,2026
431730,31965,2026
431740,50336,2026
431750,79146,2026
431755,2134,2026
431760,44431,2026
431770,10485,2026
431775,2138,2026
431780,14196,2026
431790,15667,2026
431795,2395,2026
431800,61311,2026
431805,2806,2026
431810,17934,2026
431820,22388,2026
431830,60090,2026
431840,21412,2026
431842,4546,2026
431843,2708,2026
431844,2976,2026
431845,2399,2026
431846,1931,2026
431848,4555,2026
431849,2466,2026
431850,26248,2026
431860,6978,2026
431861,2443,2026
431862,4295,2026
431870,225738,2026
431880,43278,2026
431890,35865,2026
431900,21549,2026
431910,5587,2026
431912,2908,2026
431915,7193,2026
431920,5243,2026
431930,5943,2026
431935,3618,2026
431936,1790,2026
431937,3142,2026
431940,15863,2026
431950,24898,2026
431960,21551,2026
431970,3320,2026
431971,2255,2026
431973,2593,2026
431975,2309,2026
431980,8257,2026
431990,77935,2026
432000,136573,2026
432010,23374,2026
432020,12325,2026
432023,2750,2026
432026,6098,2026
432030,5223,2026
432032,2725,2026
432035,5424,2026
432040,17407,2026
432045,2089,2026
432050,5630,2026
432055,5989,2026
432057,1881,2026
432060,3463,2026
432065,2056,2026
432067,8684,2026
432070,14512,2026
432080,30958,2026
432085,4569,2026
432090,25257,2026
432100,10824,2026
432110,14919,2026
432120,54353,2026
432130,25963,2026
432132,3192,2026
432135,5319,2026
432140,14820,2026
432143,10575,2026
432145,34024,2026
432146,3363,2026
432147,5188,2026
432149,2594,2026
432150,43346,2026
432160,56432,2026
432162,2192,2026
432163,2636,2026
432166,11224,2026
432170,24428,2026
432180,25466,2026
432183,2813,2026
432185,4829,2026
432190,26304,2026
432195,7785,2026
432200,28435,2026
432210,5646,2026
432215,3732,2026
432218,1396,2026
432220,20324,2026
432225,5172,2026
432230,8535,2026
432232,3488,2026
432234,2025,2026
432235,1183,2026
432237,2047,2026
432240,120818,2026
432250,66147,2026
432252,3213,2026
432253,10069,2026
432254,6223,2026
432255,2047,2026
432260,70842,2026
432270,27671,2026
432280,24554,2026
432285,1851,2026
432290,4847,2026
432300,231994,2026
432310,4741,2026
432320,2825,2026
432330,3741,2026
432335,2121,2026
432340,4515,2026
432345,3932,2026
432350,2710,2026
432360,1624,2026
432370,2843,2026
432375,3316,2026
432377,3223,2026
432380,16949,2026
500020,18143,2026
500025,4651,2026
500060,42071,2026
500070,24820,2026
500080,7643,2026
500085,11408,2026
500090,9790,2026
500100,30189,2026
500110,48810,2026
500124,11163,2026
500150,8406,2026
500190,24430,2026
500200,10935,2026
500210,21800,2026
500215,8923,2026
500220,25294,2026
500230,11826,2026
500240,33074,2026
500260,13935,2026
500270,970843,2026
500280,5078,2026
500290,21581,2026
500295,35384,2026
500310,4890,2026
500315,14708,2026
500320,96334,2026
500325,29292,2026
500330,33488,2026
500345,14419,2026
500348,11570,2026
500350,5785,2026
500370,266950,2026
500375,11612,2026
500380,21615,2026
500390,3790,2026
500400,10856,2026
500410,10097,2026
500430,13906,2026
500440,8814,2026
500450,25732,2026
500460,20122,2026
500470,30371,2026
500480,8472,2026
500490,7533,2026
500500,24499,2026
500510,3573,2026
500515,7122,2026
500520,24631,2026
500525,7060,2026
500540,48564,2026
500560,26535,2026
500568,20229,2026
500570,53307,2026
500580,13298,2026
500600,23747,2026
500620,51081,2026
500625,4791,2026
500627,5904,2026
500630,42728,2026
500635,13412,2026
500640,6850,2026
500660,99572,2026
500690,12584,2026
500710,24300,2026
500720,40880,2026
500730,4911,2026
500740,20513,2026
500750,5494,2026
500755,7156,2026
500769,32696,2026
500770,11343,2026
500780,8834,2026
500790,50079,2026
500793,14804,2026
500795,11248,2026
500797,3748,2026
500800,18223,2026
500830,145514,2026
500840,6534,2026
510010,4907,2026
510020,32876,2026
510025,63017,2026
510030,17888,2026
510035,5966,2026
510040,14201,2026
510050,7335,2026
510060,12136,2026
510080,8693,2026
510100,4059,2026
510120,989,2026
510125,14756,2026
510130,10791,2026
510140,27101,2026
510160,7071,2026
510170,29238,2026
510180,75524,2026
510183,5983,2026
510185,8091,2026
510190,17793,2026
510250,91908,2026
510260,15902,2026
510263,53393,2026
510267,51969,2026
510268,10281,2026
510269,4422,2026
510270,28985,2026
510279,10196,2026
510285,7325,2026
510300,19541,2026
510305,9168,2026
510310,6560,2026
510320,32099,2026
510325,25963,2026
510330,18477,2026
510335,39368,2026
510336,3941,2026
510337,9665,2026
510340,698917,2026
510343,4972,2026
510345,6536,2026
510350,22766,2026
510360,7865,2026
510370,10482,2026
510380,3000,2026
510385,9610,2026
510390,5913,2026
510395,2858,2026
510410,31092,2026
510420,9975,2026
510450,2150,2026
510452,8904,2026
510454,8463,2026
510455,5241,2026
510460,12654,2026
510480,30044,2026
510490,7380,2026
510500,7522,2026
510510,36276,2026
510515,48987,2026
510517,9965,2026
510520,11728,2026
510523,4602,2026
510525,99291,2026
510530,2642,2026
510550,17798,2026
510558,11298,2026
510560,22497,2026
510562,27763,2026
510590,15838,2026
510600,5845,2026
510610,11659,2026
510615,14519,2026
510617,4681,2026
510618,7178,2026
510619,4572,2026
510620,3730,2026
510621,11697,2026
510622,65663,2026
510623,16094,2026
510624,9929,2026
510625,26340,2026
510626,6292,2026
510627,3227,2026
510628,7317,2026
510629,12167,2026
510630,29528,2026
510631,2041,2026
510637,19168,2026
510642,33907,2026
510645,3369,2026
510650,31138,2026
510665,7580,2026
510670,2119,2026
510675,56720,2026
510677,12774,2026
510680,5720,2026
510682,10011,2026
510685,3102,2026
510700,25614,2026
510704,99053,2026
510706,32368,2026
510710,17613,2026
510715,1978,2026
510718,10650,2026
510719,2768,2026
510720,4391,2026
510724,5912,2026
510726,2372,2026
510729,2653,2026
510730,14250,2026
510735,6299,2026
510740,4253,2026
510757,3508,2026
510760,268202,2026
510770,14848,2026
510774,2974,2026
510775,3636,2026
510776,3609,2026
510777,7754,2026
510779,4275,2026
510780,16882,2026
510785,14873,2026
510787,33520,2026
510788,1981,2026
510790,231452,2026
510792,128727,2026
510794,9882,2026
510795,116637,2026
510800,16001,2026
510805,10541,2026
510810,2893,2026
510820,4245,2026
510830,3910,2026
510835,3043,2026
510840,323172,2026
510850,10930,2026
510860,19545,2026
510880,4513,2026
510885,3784,2026
510890,5636,2026
510895,8489,2026
520005,22918,2026
520010,17835,2026
520013,22161,2026
520015,2268,2026
520017,4967,2026
520020,1831,2026
520025,249978,2026
520030,28474,2026
520050,1971,2026
520055,6595,2026
520060,11421,2026
520080,8640,2026
520082,3254,2026
520085,5239,2026
520090,2861,2026
520110,424647,2026
520120,906,2026
520130,18172,2026
520140,560996,2026
520145,3078,2026
520150,4524,2026
520160,3838,2026
520170,18599,2026
520180,13053,2026
520215,7122,2026
520235,2879,2026
520250,8623,2026
520260,3209,2026
520280,3021,2026
520310,3279,2026
520320,10967,2026
520330,38010,2026
520340,7727,2026
520350,25145,2026
520355,11218,2026
520357,3273,2026
520360,4252,2026
520380,5808,2026
520390,11028,2026
520393,2811,2026
520396,3126,2026
520400,7700,2026
520410,11917,2026
520420,1415,2026
520425,7724,2026
520430,14062,2026
520440,16602,2026
520450,108805,2026
520455,4901,2026
520460,3904,2026
520465,3761,2026
520470,13084,2026
520480,7901,2026
520485,8707,2026
520490,18196,2026
520495,3747,2026
520500,10039,2026
520505,2823,2026
520510,124683,2026
520520,5385,2026
520530,9739,2026
520540,22655,2026
520545,8336,2026
520547,14735,2026
520549,104114,2026
520551,27741,2026
520552,4222,2026
520570,2427,2026
520580,10733,2026
520590,9549,2026
520620,67922,2026
520630,3709,2026
520640,17616,2026
520650,4020,2026
520660,2947,2026
520670,3950,2026
520680,2752,2026
520690,1877,2026
520710,1960,2026
520725,6752,2026
520735,4121,2026
520740,12010,2026
520750,3204,2026
520753,7169,2026
520760,5807,2026
520780,10185,2026
520790,14388,2026
520800,122613,2026
520810,4643,2026
520815,3584,2026
520830,4370,2026
520840,14956,2026
520850,4938,2026
520860,78980,2026
520870,1511709,2026
520880,84170,2026
520890,24113,2026
520910,37187,2026
520915,4271,2026
520920,21373,2026
520929,2156,2026
520940,4076,2026
520945,2143,2026
520960,3325,2026
520970,31328,2026
520980,3441,2026
520990,10151,2026
520993,6091,2026
520995,18217,2026
521000,54133,2026
521010,26282,2026
521015,2972,2026
521020,37575,2026
521030,2490,2026
521040,48247,2026
521056,5150,2026
521060,4796,2026
521080,4225,2026
521090,22068,2026
521100,8142,2026
521120,26532,2026
521130,6106,2026
521140,7573,2026
521150,114331,2026
521160,2732,2026
521170,6369,2026
521180,46835,2026
521190,112835,2026
521200,2932,2026
521205,2100,2026
521210,7246,2026
521220,19949,2026
521225,1444,2026
521230,9210,2026
521250,223596,2026
521260,2643,2026
521270,8579,2026
521280,10797,2026
521290,2990,2026
521295,3975,2026
521300,10052,2026
521305,2619,2026
521308,26301,2026
521310,76188,2026
521340,1680,2026
521350,6456,2026
521370,9074,2026
521375,13227,2026
521377,3717,2026
521380,54995,2026
521385,2511,2026
521390,4599,2026
521400,15287,2026
521405,6181,2026
521410,3517,2026
521440,8367,2026
521450,34826,2026
521460,33329,2026
521470,2384,2026
521480,2133,2026
521483,13210,2026
521486,8337,2026
521487,3096,2026
521490,2992,2026
521500,9973,2026
521520,3566,2026
521523,108219,2026
521525,3684,2026
521530,17177,2026
521540,4109,2026
521550,7785,2026
521560,37709,2026
521565,3094,2026
521570,34985,2026
521580,2260,2026
521590,3978,2026
521600,2414,2026
521630,7245,2026
521640,10706,2026
521645,2999,2026
521680,9464,2026
521690,2221,2026
521710,25436,2026
521720,11965,2026
521730,28292,2026
521740,33974,2026
521760,113950,2026
521770,18838,2026
521800,45620,2026
521805,4325,2026
521810,3149,2026
521830,36517,2026
521839,3768,2026
521850,50665,2026
521860,12776,2026
521870,3849,2026
521878,4072,2026
521880,244881,2026
521890,20239,2026
521900,8107,2026
521910,6332,2026
521920,2993,2026
521925,5058,2026
521930,39719,2026
521935,3531,2026
521940,5690,2026
521945,2575,2026
521950,2819,2026
521960,3120,2026
521970,10856,2026
521971,4266,2026
521973,8254,2026
521975,75814,2026
521980,9336,2026
521990,6522,2026
522000,15290,2026
522005,1817,2026
522010,35539,2026
522015,4953,2026
522020,22001,2026
522026,4719,2026
522028,2210,2026
522040,17167,2026
522045,180111,2026
522050,8272,2026
522060,23356,2026
522068,5576,2026
522070,2982,2026
522100,4213,2026
522108,2636,2026
522119,8435,2026
522130,2981,2026
522140,156197,2026
522145,3054,2026
522150,4422,2026
522155,5210,2026
522157,2786,2026
522160,44907,2026
522170,13843,2026
522180,3733,2026
522185,223210,2026
522190,3772,2026
522200,15808,2026
522205,9271,2026
522220,4106,2026
522230,6073,2026
530010,3009996,2026
